Aceh,2,Bahasa Aceh
Aceh,2,Bahasa Alas
Aceh,2,Bahasa Aneuk Jamee
Aceh,2,Bahasa Devayan
Aceh,2,Bahasa Gayo
Aceh,2,Bahasa Haloban
Aceh,2,Bahasa Kluet
Aceh,2,Bahasa Lekon
Aceh,2,Bahasa Melayu Tamiang
Aceh,2,Bahasa Pakpak
Aceh,2,Bahasa Sigulai
Aceh,2,Bahasa Singkil
Aceh,5,Bustanus Salatin
Aceh,5,Hikayat Malem Diwa
Aceh,5,Hikayat Prang Sabi
Aceh,5,Legenda Amat Rhang Manyang
Aceh,5,Legenda Magasang dan Magaseueng
Aceh,5,Legenda Putroe Neng
Aceh,7,Indra Patra
Aceh,7,Indra Purwa
Aceh,7,Indrapuri
Aceh,7,Kerajaan Perlak
Aceh,7,Kesultanan Aceh
Aceh,7,Kesultanan Samudra Pasai
Aceh,12,Kuburan Kerkhoff
aceh,12,Kuburan Kerkoff Peucut
Aceh,13,adèe
Aceh,13,bolu manis
Aceh,13,dodol Sabang
Aceh,13,emping melinjo
Aceh,13,gulai bebek
Aceh,13,Gulai Ikan Sembilang
Aceh,13,Gulai Pliek U
Aceh,13,kari kambing
Aceh,13,ketan durian
Aceh,13,martabak durian
Aceh,13,meuseukat
Aceh,13,Mie Aceh
Aceh,13,sate daging kambing
Aceh,13,sate daging sapi
Aceh,13,Sop Sumsum
Aceh,13,timphan
Aceh,14,Masjid Raya Baiturrahman
Aceh,25,Meuseukee Eungkot
Aceh,25,Peusijuek
Aceh,26,Rumoh Aceh
Aceh,28,geuliwang
Aceh,28,peudeueng
Aceh,28,peurise awe
Aceh,28,peurise teumaga
Aceh,28,Rencong
Aceh,28,sikin panyang
Aceh,28,siwah
Aceh,29,Situs Bukit Kerang
Aceh,29,Situs Desa Pangkalan
Aceh,30,Suku aceh
Aceh,30,Suku Alas
Aceh,30,Suku Aneuk Jamee
Aceh,30,Suku Batak
Aceh,30,Suku Gayo
Aceh,30,Suku Gayo Lut
Aceh,30,Suku Gayo Luwes
Aceh,30,Suku Gayo Serbe
Aceh,30,Suku Jawa
Aceh,30,Suku Minangkabau
Aceh,30,Suku Nias
Aceh,30,Suku Sigulai
Aceh,30,Suku Simeulue
Aceh,30,Suku Singkil
Aceh,30,Suku Tamiang
Aceh,31,Tari Bines
Aceh,31,Tari Didong
Aceh,31,Tari Guel
Aceh,31,Tari Laweut
Aceh,31,Tari Likok Pulo
Aceh,31,Tari Mesekat
Aceh,31,Tari Munalu
Aceh,31,Tari Pho
Aceh,31,Tari Ranup lam Puan
Aceh,31,Tari Rapa'i Geleng
Aceh,31,Tari Rateb Meuseukat
Aceh,31,Tari Ratoh Duek
Aceh,31,Tari Saman
Aceh,31,Tari Seudati
Aceh,31,Tari Tarek Pukat
Aceh,31,Tari Turun Ku Aih Aunen
Aceh,31,Tari Ula-ula Lembing
Bali,1,Gamelan
Bali,1,Gamelan Gambang
Bali,1,Gamelan Gong Gede
Bali,1,Gamelan Jegog
Bali,1,Gamelan Selunding
Bali,1,Gamelan Gemar Pegulingan
bali,1,Jegog
Bali,2,Bahasa Bali
Bali,2,Bahasa Jawa
Bali,13,Ayam betutu
Bali,13,Babi guling
Bali,13,Be Kokak Mekuah
Bali,13,Be Pasih mesambel matah
Bali,13,Bebek betutu
Bali,13,Berengkes
Bali,13,Bubuh Sagu
Bali,13,Bubuh Sumsum
Bali,13,Bubuh Tuak
Bali,13,Grangasem
Bali,13,Jaja Abug
Bali,13,Jaja Baro-Baro
Bali,13,Jaja Batun Duren
Bali,13,Jaja Begina
Bali,13,Jaja Bendu
Bali,13,Jaja Bikang
Bali,13,Jaja Engol
Bali,13,Jaja Giling
Bali,13,Jaja Godoh
Bali,13,Jaja Jongkong
Bali,13,Jaja Ketimus
Bali,13,Jaja Klepon
Bali,13,Jaja Lak-Lak
Bali,13,Jaja Lempog
Bali,13,Jaja Lukis
Bali,13,Jaja Sumping
Bali,13,Jaja Tain Buati
Bali,13,Jaja Uli misi Tape
Bali,13,Jaja Wajik
Bali,13,Jejeruk
Bali,13,Jukut Ares
Bali,13,Jukut Urab
Bali,13,Komoh
Bali,13,Lawar
Bali,13,Nasi Bubuh
Bali,13,Nasi Tepeng
Bali,13,Penyon
Bali,13,Pesan Be Pasih
Bali,13,Rujak Bulung
Bali,13,Rujak Kuah Pindang
Bali,13,Rujak Manis
Bali,13,Rujak Tibah
Bali,13,Salak Bali
Bali,13,Sate Babi Guling
Bali,13,Sate Kablet
Bali,13,Sate Lilit
Bali,13,Sate pentul
Bali,13,Sate penyu
Bali,13,Sate Pusut
Bali,13,Sate Tusuk
Bali,13,Timbungan
Bali,13,Tum
Bali,13,Urutan Tabanan
Bali,15,Kain kampuh
Bali,15,Kain tapih
Bali,15,Kain wastra
bali,16,musik angklung
bali,16,musik bali
Bali,19,Gelung
Bali,19,Kebaya
Bali,19,Sabuk
Bali,19,Sabuk prada
Bali,19,Selendang songket bahu ke bawah
Bali,19,Sesenteng
Bali,19,Udeng
Bali,19,Umpal
Bali,24,Pura besakih
Bali,24,Pura tanah lot
Bali,25,Ngaben
Bali,26,Rumah Bali
bali,27,Silat bali
bali,27,Wayang wong
Bali,28,Anggapan
Bali,28,Arit
Bali,28,Berang
Bali,28,Blakas
Bali,28,Caluk
Bali,28,Garot
Bali,28,Gelewang
Bali,28,Kandik
Bali,28,Keris
Bali,28,Kis-Kis
Bali,28,Panah
bali,28,Penampad
Bali,28,Pengiris
Bali,28,Pengutik
Bali,28,Tah
Bali,28,Taji
Bali,28,Tiuk
Bali,28,Tombak
Bali,28,Trisula
Bali,28,Tulud
Bali,28,Udud
Bali,31,Arja
Bali,31,Barong
Bali,31,Berutuk
Bali,31,Calon Arang
Bali,31,Drama Gong
Bali,31,Gambuh
Bali,31,Joged
Bali,31,Joged Bumbung
Bali,31,Legong
Bali,31,Parwa
Bali,31,Prembon
Bali,31,Rejang dan Baris Gede
Bali,31,Sang Hyang Dedari
Bali,31,Sang Hyang Jaran
Bali,31,Tari Baris
Bali,31,Tari Janger
Bali,31,Tari Kecak
Bali,31,Tari Legong
Bali,31,Tari Pendet
Bali,31,Tari Rejang
Bali,31,Tari Topeng
Bali,31,Topeng Pajegan dan Wayang Wong
kepulauan bangka belitung,1,Dambus
kepulauan bangka belitung,1,Gendang Melayu
kepulauan bangka belitung,1,Rebana
kepulauan bangka belitung,1,Suling
kepulauan bangka belitung,7,Kerajaan Sriwijaya
kepulauan bangka belitung,7,Majapahit
kepulauan bangka belitung,11,Alam Wisata Pulau Bangka
kepulauan bangka belitung,11,Men Sahang Lah Mirah
kepulauan bangka belitung,11,Yo Miak
kepulauan bangka belitung,12,Makam Akik Ning
kepulauan bangka belitung,12,Makam Atok Banjar
kepulauan bangka belitung,13,Belacan
kepulauan bangka belitung,13,Bergo
kepulauan bangka belitung,13,Ca Kwe
kepulauan bangka belitung,13,Calok
kepulauan bangka belitung,13,Empek-empak udang
kepulauan bangka belitung,13,Empek-empek Bangka
kepulauan bangka belitung,13,Getas
kepulauan bangka belitung,13,Kempelang
kepulauan bangka belitung,13,Kemplang belacan
kepulauan bangka belitung,13,Kerupuk
kepulauan bangka belitung,13,Kritcu
kepulauan bangka belitung,13,Kue Van De Cock
kepulauan bangka belitung,13,Laksan
kepulauan bangka belitung,13,Lakso
kepulauan bangka belitung,13,Lempah Darat
kepulauan bangka belitung,13,Lempah kuning
kepulauan bangka belitung,13,Lempok
kepulauan bangka belitung,13,Martabak Bangka
kepulauan bangka belitung,13,Mie Bangka
kepulauan bangka belitung,13,Otak-otak
kepulauan bangka belitung,13,Rusip
kepulauan bangka belitung,13,Sambellingkung
kepulauan bangka belitung,13,Song Sui
kepulauan bangka belitung,13,Tekwan
kepulauan bangka belitung,13,Tembiluk
kepulauan bangka belitung,13,Tempoyak
kepulauan bangka belitung,13,Teritip
kepulauan bangka belitung,13,Wakwak
kepulauan bangka belitung,15,Kain Cual
kepulauan bangka belitung,25,Buang Jong
kepulauan bangka belitung,25,Kawin Masal
kepulauan bangka belitung,25,Kongian
kepulauan bangka belitung,25,Mandi Belimau
kepulauan bangka belitung,25,Muharoman
kepulauan bangka belitung,25,Nganggung
kepulauan bangka belitung,25,Perang Ketupat
kepulauan bangka belitung,25,Ruwah
kepulauan bangka belitung,25,Selikur
kepulauan bangka belitung,25,Sembahyang Kubur
kepulauan bangka belitung,25,Sembahyang Rebut
kepulauan bangka belitung,26,Rumah Limas
kepulauan bangka belitung,26,Rumah Panggung
kepulauan bangka belitung,26,Rumah Rakit
kepulauan bangka belitung,28,Kedik
kepulauan bangka belitung,28,Parang bangka
kepulauan bangka belitung,28,Siwar Panjang
kepulauan bangka belitung,29,Situs Raja Balok
kepulauan bangka belitung,31,Rudat
kepulauan bangka belitung,31,Sekapur Sirih
kepulauan bangka belitung,31,Tari Bahtera Bertiang Tujuh
kepulauan bangka belitung,31,Tari Campak
kepulauan bangka belitung,31,Tari Tanggai
kepulauan bangka belitung,31,Tari Zapin
Banten,0,Aksara Sunda
Banten,2,Bahasa Jawa
Banten,2,Bahasa Jawa Banten
Banten,2,Bahasa Sunda
Banten,2,Bahasa Sunda Kuno
Banten,7,Kerajaan Pajajaran
Banten,7,Kerajaan Sriwijaya
Banten,7,Kerajaan Sumedang Larang
Banten,7,Kerajaan Sunda
Banten,7,Kerajaan Tarumanagara
Banten,7,Kesultanan Banten
Banten,12,Makam Keramat Panjang
Banten,14,Masjid Agung Banten Lama
Banten,23,Prasasti Cidanghiyang
banten,23,prasasti lebak
Banten,1, Lojor
Banten,27,Debus
Banten,1,Dog-dog
Banten,1,Palingtung
Banten,27,Rudad
Banten,27,Silat
Banten,31,Umbruk
Banten,28,Golok
Banten,30,Suku Baduy
Banten,30,Suku Sunda
Banten,31,Tari Cokek
Banten,31,Tari Saman
Banten,31,Tari Topeng
Bengkulu,3,Benteng Marlborough
Bengkulu,3,Benteng York
Bengkulu,7,Kerajaan Balai Buntar
Bengkulu,7,Kerajaan Gedung Agung
Bengkulu,7,Kerajaan Inderapura
Bengkulu,7,Kerajaan Marau Riang
Bengkulu,7,Kerajaan Pat Petulai
Bengkulu,7,Kerajaan Sekiris
Bengkulu,7,Kerajaan Selebar
Bengkulu,7,Kerajaan Sungai Lemau
Bengkulu,7,Kerajaan Sungai Serut
Bengkulu,7,Kesultanan Banten
Bengkulu,12,Makam Sentot Alibasyah
Bengkulu,14,Masjid Jamik
Bengkulu,16,Andei-andei
Bengkulu,16,Geritan
Bengkulu,16,Sambei
Bengkulu,16,Serambeak
Bengkulu,25,Upacara Mengambil Tanah
Bengkulu,25,Upacara Tabut
Bengkulu,30,Suku Lembak
Bengkulu,30,Suku Serawai
Bengkulu,31,Tari Andun
Bengkulu,31,Tari Bidadari Menimang Anak
Bengkulu,31,Tari Kejei
Bengkulu,31,Tari Penyambutan
Bengkulu,31,Tari Pukek
Bengkulu,31,Tari Putri Gading Cempaka
Bengkulu,31,Tari Tombak Kerbau
gorontalo,0,Aksara Suwawa
Gorontalo,1,Gambusi
Gorontalo,1,Polopalo
Gorontalo,2,Bahasa Atinggola
Gorontalo,2,Bahasa Batak
Gorontalo,2,Bahasa Betawi
gorontalo,2,bahasa bonda
Gorontalo,2,Bahasa Bugis
Gorontalo,2,Bahasa Gorontalo
Gorontalo,2,Bahasa Jawa
Gorontalo,2,Bahasa Madura
Gorontalo,2,Bahasa Melayu
Gorontalo,2,Bahasa Melayu Manado
Gorontalo,2,Bahasa Minang
Gorontalo,2,Bahasa Sunda
Gorontalo,2,Bahasa Suwawa
Gorontalo,3,Benteng Oranye Kwandang
Gorontalo,3,Benteng Otanaha
Gorontalo,6,Istana Ulupahu
Gorontalo,3,Otahiya
Gorontalo,7,Kerajaan Sunda
Gorontalo,7,Kerajaan Tarumanagara
Gorontalo,7,Kesultanan Banten
Gorontalo,7,Kesultanan Cirebon
Gorontalo,12,Makam Auliya Male Ta' Illayabe
Gorontalo,12,Pemakaman Suci Ju Panggola
Gorontalo,13,Nike
Gorontalo,13,Milu Tongkol
Gorontalo,13,Ayam Iloni
Gorontalo,13,Gogu
Gorontalo,13,Binte Biluhuta
Gorontalo,13,Tili Aya
Gorontalo,15,Batik Gorontalo
Gorontalo,19,Bili'u
Gorontalo,19,Mukuta
Gorontalo,19,Songkok Gorontalo
Gorontalo,19,Sulaman Karawo
Gorontalo,25,Malam Tumbilotohe
Gorontalo,25,Walima
Gorontalo,26,Bantayo Po Boide
Gorontalo,26,Gobel
Gorontalo,26,Dulohupa
Gorontalo,26,Rumah Adat gobel
Gorontalo,26,Rumah Adat Gorontalo
Gorontalo,26,Rumah Panggung Orang Gorontalo
Gorontalo,27,Langga
Gorontalo,28,Bitu'o
Gorontalo,28,Sabele
Gorontalo,28,Travalla
Gorontalo,28,Wamilo
gorontalo,29,Situs Oluhuta
Gorontalo,30,Bahasa Banjar
Gorontalo,30,Bahasa Banten
Gorontalo,30,Bahasa Batak
Gorontalo,30,Bahasa Betawi
Gorontalo,30,Bahasa Bugis
Gorontalo,30,Bahasa Jawa
Gorontalo,30,Bahasa Madura
Gorontalo,30,Bahasa Melayu
Gorontalo,30,Bahasa Minangkabau
Gorontalo,30,Bahasa Sunda
Gorontalo,30,Suku Atinggola
Gorontalo,30,Suku Suwawa
Gorontalo,30,Suku Bajo
gorontalo,30,Suku Gorontalo
Gorontalo,31,Tari Dana
Gorontalo,31,Tari Elengge
Gorontalo,31,Tari Langga
Gorontalo,31,Tari Mopohuloo
Gorontalo,31,Tari Sabe
Gorontalo,31,Tari Saronde
Gorontalo,31,Tari Tanam Padi
Gorontalo,31,Tari Tulude
Jakarta,0,Aksara Dewanagari
Jakarta,0,Aksara Sunda
Jakarta,2,Bahasa Sansekerta
Jakarta,2,Bahasa sunda
Jakarta,7,Kerajaan Sunda
Jakarta,7,Kerajaan Tarumanagara
Jakarta,7,Kesultanan Banten
Jakarta,7,Kesultanan Cirebon
Jakarta,13,andepite
Jakarta,13,asinan betawi
Jakarta,13,ayam sampyok
Jakarta,13,bandeng pesmol
Jakarta,13,bir pletok
Jakarta,13,dodol betawi
Jakarta,13,es goyang
Jakarta,13,es selendang mayang
Jakarta,13,gabus pucung
Jakarta,13,kerak telor
Jakarta,13,kue ape
Jakarta,13,kue cente manis
Jakarta,13,kue cucur
Jakarta,13,kue dongkal
Jakarta,13,kue geplak
Jakarta,13,kue kelen
Jakarta,13,kue kembang goyang
Jakarta,13,kue pepe
Jakarta,13,kue rangi
Jakarta,13,kue talam
Jakarta,13,nasi kebuli
Jakarta,13,nasi uduk
Jakarta,13,nasi ulam
Jakarta,13,pecak tembang
Jakarta,13,putu mayang
Jakarta,13,roti buaya
Jakarta,13,rujak penganten
Jakarta,13,sagon
Jakarta,13,sambelan lengkio
Jakarta,13,sayur babanci
Jakarta,13,sayur besan
Jakarta,13,sayur godog
Jakarta,13,sengkulun
Jakarta,13,soto betawi
Jakarta,13,soto mie
Jakarta,13,soto tangkar
Jakarta,14,Masjid At Tin
Jakarta,14,Masjid Istiqlal
Jakarta,14,Masjid Sunda Kelapa
Jakarta,24,Pura Adhitya Jaya
Jakarta,24,Pura Segara
Jakarta,30,Suku Betawi
Jakarta,30,Suku Bugis
Jakarta,30,Suku Minangkabau
Jakarta,30,Suku Banjar
Jakarta,30,Suku Banten
Jakarta,30,Suku Batak
Jakarta,30,Suku Jawa
Jakarta,30,Suku Madura
Jakarta,30,Suku Melayu
Jakarta,30,Suku Minahasa
Jakarta,30,Suku Sunda
Jambi,7,Johor
Jambi,7,Kerajaan Cola
Jambi,7,Kerajaan Dharmasraya
Jambi,7,Kerajaan Malaka
Jambi,7,Kerajaan Melayu
Jambi,7,Kerajaan Pagaruyung
Jambi,7,Kerajaan Swarnabhumi
jambi,7,Kesultanan jambi
Jambi,7,Majapahit
Jambi,7,Singosari
Jambi,7,Sriwijaya
Jambi,30,Suku Anak Dalam
Jambi,30,Suku Batak
Jambi,30,Suku Bugis
Jambi,30,Suku Jawa
jambi,30,suku kraton
Jambi,30,Suku Kubu
Jambi,30,Suku Minang
Jambi,30,Suku Sunda
Jambi,31,Tari Rentak Besapih
Jawa Barat,2,Bahasa Banyumasan
Jawa Barat,2,bahasa banyumasan dialek brebes
Jawa Barat,2,bahasa betawi
Jawa Barat,2,bahasa Cirebon
jawa barat,2,bahasa cirebon dialek dermayon
jawa barat,2,bahasa cirebon dialek indramayu
jawa barat,2,bahasa jawa
jawa barat,2,bahasa melayu dialek betawi
Jawa Barat,2,Bahasa Sunda
jawa barat,4,candi blandongan
jawa barat,4,candi jiwa
Jawa Barat,4,jiwa
Jawa Barat,6,Keraton Kacirebonan
Jawa Barat,6,Keraton Kanoman
Jawa Barat,6,Keraton Kaprabonan
Jawa Barat,6,Keraton Kasepuhan
Jawa Barat,7,Kerajaan Sunda
Jawa Barat,7,Kerajaan Tarumanagara
jawa barat,7,kesultanan banten
Jawa Barat,7,Kesultanan Cirebon
Jawa Barat,7,Kesultanan Demak
Jawa Barat,7,Kesultanan Mataram
Jawa Barat,11,Lagu Cing Cang Keling
Jawa Barat,11,Lagu Manuk Dadali
Jawa Barat,12,Plangon
jawa barat,13,adas
jawa barat,13,angling
jawa barat,13,apeum
Jawa Barat,13,Asinan Bogor
Jawa Barat,13,Bala-Bala
Jawa Barat,13,Batagor
Jawa Barat,13,Cimol
Jawa Barat,13,Cireng
Jawa Barat,13,Combro
Jawa Barat,13,Comro
Jawa Barat,13,Dodol Garut
Jawa Barat,13,Empal Gentong
jawa barat,13,galendro ampas kelapa
Jawa Barat,13,Gehu
jawa barat,13,gerejek
Jawa Barat,13,Gula Cakar
Jawa Barat,13,Gulali
jawa barat,13,hucap kuningan
Jawa Barat,13,Kalua Jeruk
Jawa Barat,13,Kecap Majalengka
Jawa Barat,13,Manisan Cianjur
Jawa Barat,13,Misro
Jawa Barat,13,Mochi
Jawa Barat,13,Oncom
Jawa Barat,13,Opak
jawa barat,13,papais
jawa barat,13,ranginang
Jawa Barat,13,Rengginang
jawa barat,13,rujak
jawa barat,13,sambel beledak
jawa barat,13,saroja
Jawa Barat,13,Sate Maranggi
Jawa Barat,13,Sega Jamblang
Jawa Barat,13,Sele Pisang
jawa barat,13,simpring
Jawa Barat,13,Tahu Sumedang
Jawa Barat,13,Tape singkong
Jawa Barat,13,Tutug Oncom
Jawa Barat,13,Ubi Cilembu
Jawa Barat,13,Wajit
Jawa Barat,23,Prasasti Perjanjian Sunda-Portugal
Jawa Barat,27,Cianjuran
Jawa Barat,27,Kuda Lumping
Jawa Barat,27,Kuda Renggong
Jawa Barat,27,Pencak silat
Jawa Barat,27,Rampak Kendang
Jawa Barat,27,Sisingaan
Jawa Barat,27,Wayang Golek
Jawa Barat,27,Wayang kulit Cirebon
Jawa Barat,30,Suku Sunda
Jawa Barat,31,Jaipong
Jawa Barat,31,Tari Ketuk Tilu
Jawa Barat,31,Tari Topeng
Jawa Barat,31,Tari Topeng Cirebon
Jawa Barat,31,Tayub
jawa tengah,2,bahasa jawa
jawa tengah,2,bahasa jawa baku
jawa tengah,2,bahasa jawa baku dialek surakarta
jawa tengah,2,bahasa jawa dialek bagelen
jawa tengah,2,bahasa jawa dialek banyumasan
jawa tengah,2,bahasa jawa dialek blora
jawa tengah,2,bahasa jawa dialek kedu
jawa tengah,2,bahasa jawa dialek muria
jawa tengah,2,bahasa jawa dialek pekalongan
jawa tengah,2,bahasa jawa dialek semarangan
jawa tengah,2,bahasa jawa dialek solo
jawa tengah,2,bahasa jawa dialek surakarta
jawa tengah,2,bahasa jawa dialek tegal
jawa tengah,2,bahasa jawa standar
jawa tengah,2,bahasa sunda
jawa tengah,2,bahasa sunda baku
jawa tengah,2,bahasa sunda dialek tenggara
jawa tengah,2,bahasa sunda dialek timur
jawa tengah,2,bahasa sunda dialek timur-laut
jawa tengah,2,bahasa tegal
Jawa Tengah,3,Benteng Van der Wijk
jawa tengah,3,benteng voc
jawa tengah,4,candi angin
jawa tengah,4,candi borobudur
jawa tengah,4,candi mendut
jawa tengah,4,candi pawon
jawa tengah,4,candi prambanan
jawa tengah,6,keraton kasunanan
Jawa Tengah,7,Kasunanan Surakarta
jawa tengah,7,kerajaan galuh
jawa tengah,7,kesultanan demak
Jawa Tengah,7,majapahit
Jawa Tengah,7,Mangkunegaran
Jawa Tengah,12,makam KH. Ahmad Mutamakkin kajen margoyoso
Jawa Tengah,12,makam pahlawan nasional RA. Kartini
Jawa Tengah,12,makam Syech Jangkung
Jawa Tengah,12,makam Tumenggung Wilwatikta Mpu Santibadra
Jawa Tengah,12,Mbah Ronggo Kusumo Ngemplak
jawa tengah,14,masjid agung demak
jawa tengah,14,masjid mantingan
jawa tengah,14,masjid sunan bonang
jawa tengah,17,kitab pustaka sabda badra santi
jawa tengah,17,naskah bujangga manik
Jawa Tengah,24,Mangkunegaran
jawa tengah,24,pura mangkunegaran
Jawa Tengah,25,Chambeng Welahan
Jawa Tengah,25,Dhandhangan
Jawa Tengah,25,Dugderan
Jawa Tengah,25,Ederan
Jawa Tengah,25,Grebeg Besar Demak
Jawa Tengah,25,Jembul Tulakan
Jawa Tengah,25,Jepara Thongtek Carnival
Jawa Tengah,25,Megengan Demak
Jawa Tengah,25,Meron
Jawa Tengah,25,Nyadran
Jawa Tengah,25,Perang Obor
Jawa Tengah,25,Pesta Baratan
Jawa Tengah,25,Pesta Lomban
Jawa Tengah,25,Sekaten
Jawa Tengah,25,Uler-Uler
Jawa Tengah,29,Situs arkeologi Plawangan
Jawa Tengah,30,Suku Baduy
Jawa Tengah,30,Suku Jawa
Jawa Tengah,30,Suku Samin
Jawa Tengah,30,Suku Sunda
jawa timur,2,bahasa arek surabaya
jawa timur,2,bahasa dialek malang
jawa timur,2,bahasa jawa
jawa timur,2,bahasa jawa baku
jawa timur,2,bahasa jawa dialek mataraman
jawa timur,2,bahasa jawa dialek surabaya
jawa timur,2,bahasa jawa kuno
jawa timur,2,bahasa jawa tengahan
jawa timur,2,bahasa jawa timuran
jawa timur,2,bahasa madura
jawa timur,2,bahasa tengger
jawa timur,2,bahasa walikan malangan
Jawa Timur,4,Candi Penataran
Jawa Timur,5,Angling Darma
Jawa Timur,5,Damarwulan
Jawa Timur,5,Sarip Tambak-Oso
Jawa Timur,6,Keraton Sumenep
Jawa Timur,7,Kerajaan Janggala
Jawa Timur,7,Kerajaan Kadiri
Jawa Timur,7,Kerajaan Kahuripan
Jawa Timur,7,Kerajaan Mataram
Jawa Timur,7,Kerajaan Medang
Jawa Timur,7,majapahit
Jawa Timur,7,singasari
Jawa Timur,12,Asta Tinggi Sumenep
jawa timur,12,kompleks makam majapahit
Jawa Timur,13,bakpao telo
Jawa Timur,13,bakso malang
Jawa Timur,13,bonggolan
Jawa Timur,13,brem
Jawa Timur,13,cwie mie
Jawa Timur,13,gaplek
Jawa Timur,13,getuk pisang
Jawa Timur,13,jenang syabun
Jawa Timur,13,kare rajungan
Jawa Timur,13,keripik tempe
Jawa Timur,13,kerupuk udang
Jawa Timur,13,legen
Jawa Timur,13,lodho
Jawa Timur,13,lontong balap
Jawa Timur,13,lontong kupang
Jawa Timur,13,nasi krawu
Jawa Timur,13,nasi lethok
Jawa Timur,13,nasi pecel
Jawa Timur,13,nasi pecel madiun
Jawa Timur,13,otak-otak bandeng
Jawa Timur,13,pecel rawon
Jawa Timur,13,pecel tulungagung
Jawa Timur,13,petis
Jawa Timur,13,proll tape
Jawa Timur,13,pudak
Jawa Timur,13,rawon
Jawa Timur,13,rujak cingur
Jawa Timur,13,rujak soto
Jawa Timur,13,sate kambing
Jawa Timur,13,sate kerang
Jawa Timur,13,sego becek
Jawa Timur,13,sego tempong
Jawa Timur,13,semanggi
Jawa Timur,13,suwar-suwir
Jawa Timur,13,tahu campur lamongan
Jawa Timur,13,tahu pong
Jawa Timur,13,tahu takwa
Jawa Timur,13,Tahu tepo
Jawa Timur,13,tape
Jawa Timur,13,tempe kripik
Jawa Timur,13,terasi
Jawa Timur,13,wingko babat
jawa timur,14,masjid cheng ho
Jawa Timur,23,Prasasti Dinoyo
Jawa Timur,25,babaran
Jawa Timur,25,Kasada
Jawa Timur,25,pacangan
Jawa Timur,25,sunatan
Jawa Timur,25,pitonan
Jawa Timur,25,sepasaran
Jawa Timur,25,tingkepan
Jawa Timur,27,besutan
Jawa Timur,27,ketoprak
Jawa Timur,27,Ludruk
Jawa Timur,27,macan kadhuk
Jawa Timur,27,Singo Wulung
Jawa Timur,27,topeng dalang
Jawa Timur,27,wayang kulit
Jawa Timur,27,wayang kulit purwa gaya Jawa Timuran
jawa timur,29,Situs trowulan
Jawa Timur,29,Trinil
Jawa Timur,30,Suku Bali
Jawa Timur,30,Suku banjar
Jawa Timur,30,Suku banten
Jawa Timur,30,Suku Bawean
Jawa Timur,30,Suku betawi
Jawa Timur,30,Suku bugis
Jawa Timur,30,Suku Jawa
Jawa Timur,30,Suku Madura
Jawa Timur,30,Suku minangkabau
Jawa Timur,30,Suku Osing
Jawa Timur,30,Suku Samin
jawa timur,30,suku sunda
Jawa Timur,30,Suku Tengger
Jawa Timur,31,kelana
Jawa Timur,31,reog
Jawa Timur,31,tari bondan
Jawa Timur,31,tari gambyong
Jawa Timur,31,Tari remo
Jawa Timur,31,tari srimpi
jawa timur,31,tarian jawa gaya osing
Kalimantan Barat,2,Bahasa Dayak
Kalimantan Barat,2,Bahasa Dayak Uut Danum
Kalimantan Barat,2,Bahasa Melayu Pontianak
Kalimantan Barat,2,Bahasa Melayu Riau
Kalimantan Barat,2,Bahasa Melayu Sambas
Kalimantan Barat,2,Bahasa Senganan
Kalimantan Barat,7,Kerajaan Banjar
Kalimantan Barat,7,Kerajaan Kotawaringin
Kalimantan Barat,7,Kerajaan Negara Daha
Kalimantan Barat,7,Kerajaan Panembahan Sambas
Kalimantan Barat,7,Kerajaan Singhasari
kalimantan barat,7,kesultanan banjar
Kalimantan Barat,7,Kesultanan Banten
Kalimantan Barat,7,Kesultanan Demak
Kalimantan Barat,7,Kesultanan Mataram
Kalimantan Barat,13,Ale-ale
Kalimantan Barat,13,Jimut
Kalimantan Barat,13,Kerupok basah
Kalimantan Barat,13,Lemang
Kalimantan Barat,13,Lemper
Kalimantan Barat,13,Lempok
Kalimantan Barat,13,Lepat
Kalimantan Barat,13,Lulun
Kalimantan Barat,13,Masakan Asam Pedas
Kalimantan Barat,13,Masakan Bubur Pedas
Kalimantan Barat,13,Mie Pangsit
Kalimantan Barat,13,Mie Tiau
Kalimantan Barat,13,Nasi Ayam
Kalimantan Barat,13,Pansoh
Kalimantan Barat,13,Sungkui
Kalimantan Barat,13,Tehpung
Kalimantan Barat,13,Tumpi'
Kalimantan Barat,15,Sulam Kalengkang
kalimantan barat,15,tenun belitang daerah kumpang ilong kabupaten sekadau
Kalimantan Barat,15,Tenun Daerah Songket Sambas
kalimantan barat,15,tenun ensaid panjang kabupaten sintang
Kalimantan Barat,15,Tenun Kapuas Hulu
Kalimantan Barat,25,Nyabor
Kalimantan Barat,25,upacara adat Bemanang
Kalimantan Barat,28,Duhung
Kalimantan Barat,28,Isou Bacou
Kalimantan Barat,28,Keris
Kalimantan Barat,28,Lunjuk
Kalimantan Barat,28,Mandau
Kalimantan Barat,28,Nyabor
Kalimantan Barat,28,Senapang Lantak
Kalimantan Barat,28,Sumpit
Kalimantan Barat,28,Tumbak
kalimantan barat,30,Suku jawa
kalimantan barat,30,Suku madura
Kalimantan Barat,30,Suku Banjar
Kalimantan Barat,30,Suku Batak
Kalimantan Barat,30,Suku Bugis
Kalimantan Barat,30,Suku Daya
Kalimantan Barat,30,Suku Dayak
Kalimantan Barat,30,Suku Dayak Banuaka
Kalimantan Barat,30,Suku Dayak Ibanik
Kalimantan Barat,30,Suku Dayak Kanayatn
Kalimantan Barat,30,Suku Dayak Kayaan Mendalam
Kalimantan Barat,30,Suku Dayak Mualang
Kalimantan Barat,30,Suku Dayak Uut Danum
Kalimantan Barat,30,Suku Melayu
kalimantan barat,30,suku raya
kalimantan barat,30,suku singkawang
Kalimantan Barat,30,Suku Sunda
Kalimantan Barat,31,Kinyah Uut Danum
Kalimantan Barat,31,Tari Jonggan
Kalimantan Barat,31,Tari kondan
Kalimantan Barat,31,Tari Monong
Kalimantan Barat,31,Tari Pedang
Kalimantan Barat,31,Tari Pingan
Kalimantan Barat,31,Tari Zapin
Kalimantan Barat,32,Bejandeh
Kalimantan Barat,32,Bekana
Kalimantan Barat,32,Kandan
Kalimantan Barat,32,Kendau
Kalimantan Barat,32,Kollimoi
Kalimantan Barat,32,Nyangahatn
Kalimantan Barat,32,Pantun Jepin
Kalimantan Barat,32,Parung
Kalimantan Barat,32,Tahtum
kalimantan selatan,1,gamelan banjar
Kalimantan Selatan,2,bahasa banjar
Kalimantan Selatan,2,bahasa Barito
kalimantan selatan,2,bahasa barito barat
kalimantan selatan,2,bahasa barito timur
Kalimantan Selatan,2,bahasa bukit
Kalimantan Selatan,2,bahasa Dayak Abal
Kalimantan Selatan,2,bahasa Dayak Bakumpai
Kalimantan Selatan,2,bahasa Dayak Barangas
Kalimantan Selatan,2,bahasa Dayak Deah
Kalimantan Selatan,2,bahasa Dayak Dusun Halong
Kalimantan Selatan,2,bahasa Dayak Lawangan
Kalimantan Selatan,2,bahasa Dayak Maanyan Warukin
Kalimantan Selatan,2,bahasa Dayak Ngaju
Kalimantan Selatan,2,bahasa Dayak Samihin
Kalimantan Selatan,7,Kerajaan Negara Daha
Kalimantan Selatan,7,Kerajaan Negara Dipa
Kalimantan Selatan,7,Kesultanan Banjar
Kalimantan Selatan,11,Ampar-ampar Pisang
Kalimantan Selatan,11,Paris Barantai
Kalimantan Selatan,11,Sapu Tangan Babuncu Ampat
Kalimantan Selatan,13,apam
Kalimantan Selatan,13,daging itik
Kalimantan Selatan,13,dodol
Kalimantan Selatan,13,kacang jaruk
Kalimantan Selatan,13,kelepon buntut
Kalimantan Selatan,13,ketupat
Kalimantan Selatan,13,Nasi Kuning
Kalimantan Selatan,13,pisang sale
kalimantan selatan,13,rimpi
Kalimantan Selatan,13,Sate Itik
Kalimantan Selatan,13,Soto Banjar
kalimantan selatan,14,masjid agung al-karomah
kalimantan selatan,14,masjid jami banjarmasin
kalimantan selatan,14,masjid jami sungai banar
kalimantan selatan,14,masjid jami tuhfaturroghibin
kalimantan selatan,14,masjid keramat banua halat
kalimantan selatan,14,masjid muhammadiyah kelayan
kalimantan selatan,14,masjid pusaka tabalong
kalimantan selatan,14,masjid raya sabilal muhtadin
kalimantan selatan,16,musik bamban
kalimantan selatan,16,musik bumbung
kalimantan selatan,16,musik kangkanong
kalimantan selatan,16,musik kangkurung
kalimantan selatan,16,musik kintung
kalimantan selatan,16,musik masukkiri
kalimantan selatan,16,musik panting
kalimantan selatan,16,musik salung
kalimantan selatan,16,musik suling
Kalimantan Selatan,19,Busana Pengantin Banjar
Kalimantan Selatan,19,Galuh Banjar
Kalimantan Selatan,19,Pakaian Nanang
Kalimantan Selatan,19,Pangantin Babaju Kubaya Panjang
Kalimantan Selatan,19,Pengantin Baamar Galung Pancar Matahari
Kalimantan Selatan,19,Pengantin Babaju Kun Galung Pacinan
Kalimantan Selatan,19,Pengantin Bagajah Gamuling Baular Lulut
Kalimantan Selatan,24,Pura Jagatnata Banjarmasin
Kalimantan Selatan,26,Balai
Kalimantan Selatan,26,Rumah Bubungan Tinggi
Kalimantan Selatan,27,Balian
Kalimantan Selatan,27,Lamut
Kalimantan Selatan,27,Madihin
Kalimantan Selatan,27,Mamanda
Kalimantan Selatan,27,Wayang Gung
Kalimantan Selatan,27,Wayang Kulit Banjar
kalimantan selatan,30,Suku banjar
kalimantan selatan,30,Suku dayak
kalimantan selatan,30,Suku jawa
Kalimantan Selatan,30,Suku Bajau
kalimantan selatan,30,suku baksa kambang
Kalimantan Selatan,30,Suku Bali
Kalimantan Selatan,30,Suku Batak
Kalimantan Selatan,30,Suku Bugis
Kalimantan Selatan,30,Suku Bugis Pagatan
kalimantan selatan,30,suku dayak rumpun biaju
kalimantan selatan,30,suku dayak rumpun dusmala
kalimantan selatan,30,suku kuda gepang
Kalimantan Selatan,30,Suku Madura
Kalimantan Selatan,30,Suku Mandar
kalimantan selatan,30,suku radap rahayu
Kalimantan Selatan,30,Suku Sunda
Kalimantan Selatan,31,Baksa Kambang
Kalimantan Selatan,31,japin
Kalimantan Selatan,31,Kuda Gepang
Kalimantan Selatan,31,Radap Rahayu
Kalimantan Selatan,31,suku banjar
Kalimantan Selatan,31,Tari Babangsai
Kalimantan Selatan,31,Tari Kanjar
kalimantan selatan,31,tari tandik balian
kalimantan tengah,1,kacapi
kalimantan tengah,1,kangkanung
kalimantan tengah,1,katambung
kalimantan tengah,1,rebab
kalimantan tengah,1,sampe
Kalimantan Tengah,2,Bahasa Bakumpai
Kalimantan Tengah,2,Bahasa banjar
kalimantan tengah,2,bahasa dayak
Kalimantan Tengah,2,Bahasa jawa
Kalimantan Tengah,2,Bahasa Maanyan
Kalimantan Tengah,2,Bahasa Ngaju
Kalimantan Tengah,2,Bahasa Ot Danum
Kalimantan Tengah,4,Candi Agung
Kalimantan Tengah,7,Kerajaan Hindu
Kalimantan Tengah,7,Kerajaan Kotawaringin
Kalimantan Tengah,7,Kerajaan Negara Daha
Kalimantan Tengah,7,Kerajaan Negara Dipa
Kalimantan Tengah,7,Kesultanan Banjar
kalimantan tengah,7,kesultanan demak
Kalimantan Tengah,17,Panaturan
Kalimantan Tengah,19,Busana Pengantin Banjar
Kalimantan Tengah,19,Busana Pengantin Dayak
Kalimantan Tengah,19,Busana Pengantin Kotawaringin
Kalimantan Tengah,25,Balian
Kalimantan Tengah,25,Ijambe
Kalimantan Tengah,25,Mapalas
Kalimantan Tengah,25,Potong Pantan
kalimantan tengah,25,upacara adat banjar
Kalimantan Tengah,25,Upacara Tiwah
Kalimantan Tengah,25,Wadian
Kalimantan Tengah,25,Wara
kalimantan tengah,30,Suku banjar
kalimantan tengah,30,Suku batak
kalimantan tengah,30,Suku bugis
kalimantan tengah,30,Suku dayak
kalimantan tengah,30,Suku jawa
kalimantan tengah,30,Suku madura
kalimantan tengah,30,Suku melayu
kalimantan tengah,30,Suku sunda
Kalimantan Tengah,30,Suku Bakumpai
Kalimantan Tengah,30,Suku bali
Kalimantan Tengah,30,Suku Bugis Pagatan
kalimantan tengah,30,suku dayak ot danum
Kalimantan Tengah,30,Suku Dayak Punan
Kalimantan Tengah,30,Suku Dusun
Kalimantan Tengah,30,Suku flores
Kalimantan Tengah,30,Suku Lawangan
Kalimantan Tengah,30,Suku Maanyan
Kalimantan Tengah,30,Suku Ngaju
Kalimantan Tengah,30,Suku Ot Danum
Kalimantan Tengah,30,Suku Siang Murung
Kalimantan Tengah,30,Suku Taboyan
Kalimantan Tengah,31,Manganjan
Kalimantan Tengah,31,Tari Balian Bawo
Kalimantan Tengah,31,Tari Balian Dadas
Kalimantan Tengah,31,Tari Deder
Kalimantan Tengah,31,Tari Giring-giring
Kalimantan Tengah,31,Tari Hugo dan Huda
Kalimantan Tengah,31,Tari Kanjan Halu
Kalimantan Tengah,31,Tari Kinyah
Kalimantan Tengah,31,Tari Manasai
Kalimantan Tengah,31,Tari Mandau
Kalimantan Tengah,31,Tari Putri Malawen
Kalimantan Tengah,31,Tari Tuntung Tulus
kalimantan tengah,32,dodoi
kalimantan tengah,32,kalalai lalai
kalimantan tengah,32,kandan
kalimantan tengah,32,karungut
kalimantan tengah,32,mansana
kalimantan tengah,32,marung
kalimantan tengah,32,natum
kalimantan tengah,32,ngendau
kalimantan timur,2,bahasa banjar
kalimantan timur,2,bahasa bugis
Kalimantan Timur,4,Candi Agung
kalimantan timur,5,hikayat banjar sultan makassar
Kalimantan Timur,7,Kerajaan Kutai
Kalimantan Timur,7,Kesultanan Kutai Kartanegara ing Martadipura
Kalimantan Timur,7,Kesultanan Makassar
Kalimantan Timur,7,Kesultanan Pasir
kalimantan timur,7,kesultanan sulu
Kalimantan Timur,11,Ading Manis
Kalimantan Timur,11,Adui Indung
Kalimantan Timur,11,Aku Menyanyi
Kalimantan Timur,11,Andang Sigurandang
Kalimantan Timur,11,Anjat Manik
Kalimantan Timur,11,Antu
Kalimantan Timur,11,Apandang Jakku
Kalimantan Timur,11,Ayen Sae
Kalimantan Timur,11,Balarut di Sungai Mahakam
Kalimantan Timur,11,Banuangku
Kalimantan Timur,11,Basar Niat
Kalimantan Timur,11,Bebilin
Kalimantan Timur,11,Bedone
Kalimantan Timur,11,Berampukan
Kalimantan Timur,11,Buah Bolok
Kalimantan Timur,11,Burung Enggang
Kalimantan Timur,11,Citra Niaga
Kalimantan Timur,11,Endut-Endut
Kalimantan Timur,11,Enjung-Enjung
Kalimantan Timur,11,Indung-Indung
Kalimantan Timur,11,Jagung Tepian
Kalimantan Timur,11,Jalung
Kalimantan Timur,11,Julun Lajun
Kalimantan Timur,11,Kada Guna Marista
Kalimantan Timur,11,Kambang Goyang
Kalimantan Timur,11,Kandania
Kalimantan Timur,11,Kekayaan Alam Etam
Kalimantan Timur,11,Keledung
Kalimantan Timur,11,Ketuyak
Kalimantan Timur,11,Lamin Talunsur
Kalimantan Timur,11,Leleng
Kalimantan Timur,11,Luwai
Kalimantan Timur,11,Mambari Maras
Kalimantan Timur,11,Meharit
Kalimantan Timur,11,Mena Wang Langit
Kalimantan Timur,11,Merutuh
Kalimantan Timur,11,Nasi Bekepor
Kalimantan Timur,11,Nasib Awak
Kalimantan Timur,11,Ne Poq Batangph
Kalimantan Timur,11,Rambai Manguning
Kalimantan Timur,11,Sabar'ai-sabar'ai
Kalimantan Timur,11,Samarinda Kota Tepian
Kalimantan Timur,11,Sarang Kupu
Kalimantan Timur,11,Sorangan
Kalimantan Timur,11,Sungai Kandilo
Kalimantan Timur,11,Sungai Mahakam
Kalimantan Timur,11,Tajong Samarinda
Kalimantan Timur,11,Taman Anggrek Kersik Luwai
Kalimantan Timur,11,Tenau
Kalimantan Timur,11,Ting Ting Nging
Kalimantan Timur,11,To Kejaa
Kalimantan Timur,11,Tung Tit
Kalimantan Timur,11,Undur Hudang
Kalimantan Timur,16,Musik Sempek
Kalimantan Timur,16,Tingkilan
Kalimantan Timur,17,Hikayat Banjar
Kalimantan Timur,25,Bekelew
Kalimantan Timur,25,Beliatn Bawo
Kalimantan Timur,25,Beliatn Bejamu
Kalimantan Timur,25,Beliatn Kenyong
Kalimantan Timur,25,Beliatn Luangan
Kalimantan Timur,25,Beliatn Sentiyu
Kalimantan Timur,25,Besamat
Kalimantan Timur,25,Kenyeuw
Kalimantan Timur,25,Kwangkey
Kalimantan Timur,25,Nalitn Tautn
kalimantan timur,25,ngompokng
Kalimantan Timur,25,Nuak
Kalimantan Timur,25,Pakatn Nyahuq
Kalimantan Timur,25,Paper Maper
Kalimantan Timur,25,Parepm Api
Kalimantan Timur,28,Gayang
Kalimantan Timur,28,Keris Buritkang
Kalimantan Timur,28,Mandau
Kalimantan Timur,28,Perisai
Kalimantan Timur,28,Sumpit
Kalimantan Timur,28,Tombak
kalimantan timur,30,Suku dayak
kalimantan timur,30,Suku jawa
kalimantan timur,30,Suku kutai
kalimantan timur,30,Suku toraja
Kalimantan Timur,30,Suku Banjar
Kalimantan Timur,30,Suku Bugis
Kalimantan Timur,30,Suku buton
Kalimantan Timur,30,Suku Dayak Benuaq
Kalimantan Timur,30,Suku Dayak Kenyah
Kalimantan Timur,30,Suku Dayak Wehea
Kalimantan Timur,30,Suku madura
Kalimantan Timur,30,Suku paser
Kalimantan Timur,30,Suku sunda
Kalimantan Timur,31,Belian
kalimantan timur,31,tari kantarijar
Kalimantan Timur,31,Tarian Datun
Kalimantan Timur,31,Tarian Gantar
Kalimantan Timur,31,Tarian Hudoq
Kalimantan Timur,31,Tarian Kejien
Kalimantan Timur,31,Tarian Kencet
Kalimantan Timur,31,Tarian Maropeng
Kalimantan Timur,31,Tarian Ngeleway
Kalimantan Timur,31,Tarian Ngerangkaw
kalimantan timur,32,bedeguuq
kalimantan timur,32,berijooq
kalimantan timur,32,enluei
kalimantan timur,32,ngakey
kalimantan timur,32,ngelengot
kalimantan timur,32,ngeloak
kalimantan timur,32,ninga
kalimantan timur,32,perentangin
Kalimantan Utara,7,Kerajaan Berau
Kalimantan Utara,7,Kesultanan Banjar
Kalimantan Utara,7,Kesultanan Bulungan
Kalimantan Utara,7,kesultanan Gunung Tabur
Kalimantan Utara,7,Kesultanan Sulu
Kalimantan Utara,7,kesultanan Tanjung
Kalimantan Utara,30,Suku banjar
Kalimantan Utara,30,Suku Bulungan
Kalimantan Utara,30,Suku dayak
Kalimantan Utara,30,Suku jawa
Kalimantan Utara,30,Suku kenyah
Kalimantan Utara,30,Suku kutai
Kalimantan Utara,30,Suku lun bawang
Kalimantan Utara,30,Suku murut
Kalimantan Utara,30,Suku Suluk
Kalimantan Utara,30,Suku Tidung
kepulauan riau,2,bahasa melayu
kepulauan riau,2,bahasa melayu riau
kepulauan riau,6,istana daik lingga
Kepulauan Riau,7,Kerajaan Melayu
kepulauan riau,7,Kesultanan Lingga
kepulauan riau,7,Kesultanan Siak
Kepulauan Riau,7,Kesultanan Riau-Lingga
Kepulauan Riau,16,Musik Agogo
Kepulauan Riau,16,Musik Angklung
Kepulauan Riau,16,Musik Bangsawan
Kepulauan Riau,16,Musik Barongsai
Kepulauan Riau,16,Musik Berdah
Kepulauan Riau,16,Musik Boria
Kepulauan Riau,16,Musik Dangdut
Kepulauan Riau,16,Musik Dul Muluk
Kepulauan Riau,16,Musik Gamelan
Kepulauan Riau,16,Musik Ghazal
Kepulauan Riau,16,Musik Gondang
Kepulauan Riau,16,Musik Inang
Kepulauan Riau,16,Musik Joget
Kepulauan Riau,16,Musik Kasidah
Kepulauan Riau,16,Musik Keroncong
Kepulauan Riau,16,Musik Kompang
Kepulauan Riau,16,Musik Kuno kepang
Kepulauan Riau,16,Musik Lang-lang Buana
Kepulauan Riau,16,Musik Mak Yong
Kepulauan Riau,16,Musik Manora
Kepulauan Riau,16,Musik Melayu
Kepulauan Riau,16,Musik Mendu
Kepulauan Riau,16,Musik Nobat
Kepulauan Riau,16,Musik Pop
Kepulauan Riau,16,Musik Randai
Kepulauan Riau,16,Musik Rebana
Kepulauan Riau,16,Musik Silat
Kepulauan Riau,16,Musik Tari Inai
Kepulauan Riau,16,Musik Tari Joget Lingga
Kepulauan Riau,16,Musik Wayang cecak
Kepulauan Riau,16,Musik Zapin
Kepulauan Riau,20,Patung Dewi Kwan Im
kepulauan riau,23,prasasti pasir panjang
Kepulauan Riau,27,Dul Muluk
Kepulauan Riau,27,Ketoprak
Kepulauan Riau,27,Manora
Kepulauan Riau,27,Randai
Kepulauan Riau,27,Teater Lang-lang Buana
Kepulauan Riau,27,Teater Makyong
Kepulauan Riau,27,Teater Melayu
Kepulauan Riau,27,Teater Mendu
Kepulauan Riau,27,Wayang Bangsawan
Kepulauan Riau,27,Wayang Orang
Kepulauan Riau,30,Suku Banjar
Kepulauan Riau,30,Suku Batak
Kepulauan Riau,30,Suku Bugis
Kepulauan Riau,30,Suku Dayak
Kepulauan Riau,30,Suku Flores
Kepulauan Riau,30,Suku Jawa
Kepulauan Riau,30,Suku Laut
Kepulauan Riau,30,Suku Melayu
Kepulauan Riau,30,Suku Minangkabau
Kepulauan Riau,30,Suku Sunda
Kepulauan Riau,31,Joget Bebtan
Kepulauan Riau,31,Tari Alu
Kepulauan Riau,31,Tari Ayam Sudur
Kepulauan Riau,31,Tari Betabik
Kepulauan Riau,31,Tari Boria
Kepulauan Riau,31,Tari Damnah
Kepulauan Riau,31,Tari Dayung Sampan
Kepulauan Riau,31,Tari Dendang Dangkong
Kepulauan Riau,31,Tari Engku Puteri
Kepulauan Riau,31,Tari Ikan Kekek
Kepulauan Riau,31,Tari Inai
Kepulauan Riau,31,Tari Joget Dangong
Kepulauan Riau,31,Tari Joget Kak Long
Kepulauan Riau,31,Tari Joget lambak
Kepulauan Riau,31,Tari Joget Lingga
Kepulauan Riau,31,Tari Joget Mak Dare
Kepulauan Riau,31,Tari Joget Makcik Normah
Kepulauan Riau,31,Tari Jogi
Kepulauan Riau,31,Tari Laksemane Bentan
Kepulauan Riau,31,Tari Lang-Lang Buana
Kepulauan Riau,31,Tari Lenggang Cecak
Kepulauan Riau,31,Tari Makyong
Kepulauan Riau,31,Tari Marhaban
Kepulauan Riau,31,Tari Masri
Kepulauan Riau,31,Tari Melemang
Kepulauan Riau,31,Tari Mendu
Kepulauan Riau,31,Tari Menjunjung Duli
Kepulauan Riau,31,Tari Mustika Kencana
Kepulauan Riau,31,Tari Pasang Rokok
Kepulauan Riau,31,Tari Rokana
Kepulauan Riau,31,Tari Sekapur Sirih
Kepulauan Riau,31,Tari Semah Kajang
Kepulauan Riau,31,Tari Sirih Lelat
Kepulauan Riau,31,Tari Tandak Pengasih
Kepulauan Riau,31,Tari Tarek Rawai
Kepulauan Riau,31,Tari Tebus Kipas
Kepulauan Riau,31,Tari Topeng
Kepulauan Riau,31,Tari Zapin
Kepulauan Riau,31,Tari Zikir Barat
Lampung,3,Benteng Radin Imba Kusuma
Lampung,7,Kerajaan Sunda
Lampung,7,Kerajaan Tarumanagara
Lampung,7,Kesultanan Banten
Lampung,15,Kain Tapis
Lampung,16,Klasik Lampung
Lampung,19,bebet
Lampung,19,kawai kemija
Lampung,19,kekat akkin
Lampung,19,kikat
Lampung,19,Lawai kurung
Lampung,19,selikap
Lampung,19,senjang
Lampung,19,setagen
Lampung,26,Nuwo Sesat
Lampung,30,Suku Bali
Lampung,30,Suku Banten
Lampung,30,Suku Batak
Lampung,30,Suku Bugis
Lampung,30,Suku Jawa
Lampung,30,Suku Lampung
Lampung,30,Suku Melayu Palembang
Lampung,30,Suku Minangkabau
Lampung,30,Suku Sunda
Lampung,31,Tari Melinting
Lampung,31,Tari Sembah
Maluku,2,Bahasa Alune
Maluku,2,Bahasa Ambon
Maluku,2,Bahasa Atiahu
Maluku,2,Bahasa Gorom
Maluku,2,Bahasa Koa
Maluku,2,Bahasa Nuaulu
Maluku,2,Bahasa Seti
Maluku,2,Bahasa Tarangan
maluku,2,bahasa ternate
Maluku,2,Bahasa Wemale
Maluku,3,Benteng Amsterdam
Maluku,3,Benteng Belgica
Maluku,3,Benteng Duurstede
Maluku,3,Benteng Titaley
Maluku,3,Benteng Victoria
maluku,7,kesultanan iha
maluku,14,masjid kuno desa kaitetu
Maluku,25,Polonaise
Maluku,30,suku Nuaulu
Maluku,30,suku Seti
Maluku,31,Saureka-Reka
Maluku,31,tari Cakalele
Maluku,31,Tari Katreji
Maluku,31,Tarian Bambu Gila
maluku utara,2,bahasa melayu ternate
Maluku Utara,7,Kesultanan Bacan
Maluku Utara,7,Kesultanan Jailolo
Maluku Utara,7,Moloku Kie Raha
Maluku Utara,7,kesultanan ternate
Maluku Utara,7,kesultanan tidore
Maluku Utara,30,Suku Buli
Maluku Utara,30,Suku Galela
Maluku Utara,30,Suku Ibu
Maluku Utara,30,Suku Kadai
Maluku Utara,30,Suku Loloda
Maluku Utara,30,Suku Maba
Maluku Utara,30,Suku Mange
Maluku Utara,30,Suku Modole
Maluku Utara,30,Suku Pagu
Maluku Utara,30,Suku Patani
Maluku Utara,30,Suku Sahu
Maluku Utara,30,Suku Sawai
Maluku Utara,30,Suku Siboyo
Maluku Utara,30,Suku ternate
Maluku Utara,30,Suku tidore
Maluku Utara,30,Suku Tobaru
Maluku Utara,30,Suku tobelo
Maluku Utara,30,Suku togutil
Maluku Utara,30,Suku Waioli
Maluku Utara,30,Suku Weda
nusa tenggara barat,0,aksara sasak
nusa tenggara barat,2,bahasa kawi
nusa tenggara barat,2,bahasa sasak
nusa tenggara barat,7,kerajaan gelgel
nusa tenggara barat,7,kerajaan manggarai
nusa tenggara barat,7,kerajaan selaparang
nusa tenggara barat,17,babad lombok
Nusa Tenggara Barat,17,Hikayat Amir Hamzah
Nusa Tenggara Barat,17,Hikayat Sidik Anak Yatim
Nusa Tenggara Barat,17,Lontar Yusuf
Nusa Tenggara Barat,24,Pura Batu Bolong
nusa tenggara barat,30,suku sasak
Nusa Tenggara Timur,21,Pasola
papua,1,tifa
papua,1,tifa dasar
papua,1,tifa jekir
papua,1,tifa jekir potong
papua,1,tifa potong
papua,2,bahasa melayu
papua,2,bahasa merauke
papua,2,bahasa serui
papua,2,bahasa tidore
papua,7,kerajaan sriwijaya
papua,7,kerajaan tidore
Papua,13,Papeda
Papua,17,Kertagama 1365
papua,17,kitab prapanca
Papua,28,Pisau Belati
Papua,30,Suku Amungme
Papua,30,Suku Ansus
Papua,30,Suku Asmat
Papua,30,Suku Ayamaru
Papua,30,Suku Bauzi
Papua,30,Suku Biak
Papua,30,Suku Dani
Papua,30,Suku Empur
Papua,30,Suku Enggros
Papua,30,Suku Fuyu
Papua,30,Suku Hatam
Papua,30,Suku Iha
Papua,30,Suku Kamoro
Papua,30,Suku Korowai
Papua,30,Suku Mandobo
Papua,30,Suku Mee
Papua,30,Suku Meyakh
Papua,30,Suku Moskona
Papua,30,Suku Muyu
Papua,30,Suku Nafri
Papua,30,Suku Sentani
Papua,30,Suku Souk
Papua,30,Suku Tobati
Papua,30,Suku Wamesa
Papua,30,Suku Waropen
Papua,31,tari Gatsi
Papua,31,tari Lenso
Papua,31,tarian perang
papua barat,7,kerajaan sriwijaya
papua barat,13,sagu
Papua Barat,15,kain Timor
riau,2,bahasa minang
Riau,3,Benteng Tujuh Lapis
riau,4,candi bungsu
Riau,4,Candi Muara Takus
riau,4,candi tua
Riau,6,Istana Siak Sri Indrapura
Riau,7,Kerajaan Batin Enam Suku
Riau,7,Kerajaan Indragiri
Riau,7,Kerajaan Kemuning
Riau,7,Kerajaan Keritang
riau,7,kesultanan indragiri
Riau,7,Kesultanan Melaka
Riau,7,Kesultanan Siak Sri Inderapura
Riau,7,Majapahit
riau,12,makam marhum pekan
riau,12,makam sultan marhum bukit
riau,14,masjid agung pasir pengaraian
riau,14,masjid raya rengat
riau,17,kitab seribu satu malam
Riau,25,Upacara Bakar Tongkang
Riau,27,Reog Ponorogo
riau,30,Suku minangkabau
Riau,30,Suku akit
Riau,30,Suku banjar
Riau,30,Suku batak
Riau,30,Suku bugis
Riau,30,Suku jawa
Riau,30,Suku laut
Riau,30,Suku Melayu
Riau,30,Suku nias
Riau,30,Suku sakai
Riau,30,Suku sunda
Riau,30,Suku talang mamak
sulawesi barat,30,suku mandar
sulawesi selatan,2,bahasa bugis
sulawesi selatan,2,bahasa konjo
sulawesi selatan,2,bahasa konjo pegunungan
sulawesi selatan,2,bahasa konjo pesisir
sulawesi selatan,2,bahasa makassar
sulawesi selatan,2,bahasa mandar
sulawesi selatan,2,bahasa massenrempulu
sulawesi selatan,2,bahasa pettae
sulawesi selatan,2,bahasa selayar
sulawesi selatan,2,bahasa sidrap
sulawesi selatan,2,bahasa toraja
Sulawesi Selatan,13,Baje Bandong
Sulawesi Selatan,13,Bandang-Bandang
Sulawesi Selatan,13,Baroncong
Sulawesi Selatan,13,Barongko
Sulawesi Selatan,13,Bassang
Sulawesi Selatan,13,Benno
Sulawesi Selatan,13,Bipang
Sulawesi Selatan,13,Coto Makassar
Sulawesi Selatan,13,Cucur Bayao
Sulawesi Selatan,13,Jalangkote
Sulawesi Selatan,13,Kapurung
Sulawesi Selatan,13,Kue Biji Nangka
Sulawesi Selatan,13,Nasu Palekko
Sulawesi Selatan,13,Paâ€™piong
Sulawesi Selatan,13,Pallu Butung
Sulawesi Selatan,13,Pallubasa
Sulawesi Selatan,13,Pisang Epe
Sulawesi Selatan,13,Pisang ijo
Sulawesi Selatan,13,Putu Cangkiri
Sulawesi Selatan,13,Roko-roko Cangkuning
Sulawesi Selatan,13,Roti Maros
Sulawesi Selatan,13,Songkolo Bagadang
Sulawesi Selatan,13,Sop Saudara
Sulawesi Selatan,13,Sup Konro
Sulawesi Selatan,13,Tenteng
Sulawesi Selatan,25,Mappalili
Sulawesi Selatan,28,Badik
Sulawesi Selatan,28,Papporok
Sulawesi Selatan,30,Suku Bone
Sulawesi Selatan,30,Suku Bugis
Sulawesi Selatan,30,Suku Duri
Sulawesi Selatan,30,Suku Endekan
Sulawesi Selatan,30,Suku Kajang
Sulawesi Selatan,30,Suku Maiwa
Sulawesi Selatan,30,Suku Makassar
Sulawesi Selatan,30,Suku Mandar
Sulawesi Selatan,30,Suku Pattae
Sulawesi Selatan,30,Suku Pattinjo
Sulawesi Selatan,30,Suku Toraja
sulawesi tengah,1,gong
Sulawesi Tengah,30,Suku Balantak
Sulawesi Tengah,30,Suku Bare'e
Sulawesi Tengah,30,Suku Bungku
Sulawesi Tengah,30,Suku Da'a
Sulawesi Tengah,30,Suku Dampal
Sulawesi Tengah,30,Suku Dampelas
Sulawesi Tengah,30,Suku Daya
Sulawesi Tengah,30,Suku Dondo
Sulawesi Tengah,7,Kerajaan Banawa
Sulawesi Tengah,7,Kerajaan Gowa
Sulawesi Tengah,7,Kerajaan Mori
Sulawesi Tengah,7,Kerajaan Palu
Sulawesi Tengah,7,Kerajaan Parigi
Sulawesi Tengah,30,Suku Kulawi
Sulawesi Tengah,30,Suku Lore
Sulawesi Tengah,30,Suku Pamona
Sulawesi Tengah,30,Suku Pendau
Sulawesi Tengah,30,Suku Seasea
Sulawesi Tengah,30,Suku Taa
Sulawesi Tengah,30,Suku Tomini
Sulawesi Tengah,30,Suku Wana
Sulawesi Tengah,28,Parang
Sulawesi Tengah,28,Sumpit
Sulawesi Tengah,28,Tombak
sulawesi tengah,30,Suku banggai
sulawesi tengah,30,Suku buol
sulawesi tengah,30,Suku kaili
sulawesi tengah,30,Suku mamasa
sulawesi tengah,30,Suku mori
sulawesi tengah,30,Suku saluan
sulawesi tengah,30,Suku tolitoli
Sulawesi Tengah,30,Suku bugis
Sulawesi Tengah,30,Suku makassar
Sulawesi Tengah,30,Suku mandar
sulawesi tengah,30,suku sigi
Sulawesi Tengah,30,Suku toraja
sulawesi tengah,31,tarian dero
sulawesi tengah,31,tarian in
Sulawesi Tenggara,3,Benteng Kerajaan Kabaena
Sulawesi Tenggara,3,Benteng Keraton Buton
Sulawesi Tenggara,6,Istana Kamali
sulawesi tenggara,6,istana kamali baadia
Sulawesi Tenggara,6,Istana Kamali Bata
Sulawesi Tenggara,6,Istana Kamali Kara
Sulawesi Tenggara,6,Istana Malige
Sulawesi Tenggara,7,Afdeling Boeton
Sulawesi Tenggara,7,Afdeling Laiwui
Sulawesi Tenggara,7,Afdeling Muna
sulawesi tenggara,7,kesultanan buton
sulawesi tenggara,14,masjid agung keraton buton
sulawesi tenggara,15,tenun ikat
sulawesi tenggara,27,atraksi momani
sulawesi tenggara,27,atraksi perahu naga
Sulawesi Tenggara,25,Pekande-kandea
sulawesi tenggara,27,posepaa
Sulawesi Tenggara,25,Posusu
Sulawesi Tenggara,25,Tandaki
Sulawesi Tenggara,25,Upacara adat Bhangka Mbule Mbule
Sulawesi Tenggara,25,Upacara Adat Kabuenga
Sulawesi Tenggara,25,Upacara Adat Karia
Sulawesi Tenggara,25,Upacara Adat Mataa
sulawesi tenggara,25,upacara adat mosehe wonua suku tolaki
sulawesi tenggara,25,upacara adat motasu suku tolaki
Sulawesi Tenggara,25,Upacara Adat Posuo
Sulawesi Tenggara,25,Upacara Adat Religi Goraana Oputa
Sulawesi Tenggara,25,Upacara Adat Religi Qunua
Sulawesi Tenggara,25,Upacara Adat Tururangiana Andala
Sulawesi Tenggara,25,Upacara Pongkotu'A
sulawesi tenggara,25,upacara posusu
sulawesi tenggara,25,upacara tandaki
sulawesi tenggara,30,suku tolaki
sulawesi tenggara,31,tari balumpa
sulawesi tenggara,31,tari dinggu
Sulawesi Tenggara,31,Tari Dudenge
Sulawesi Tenggara,31,Tari Galangi
sulawesi tenggara,31,tari lulo
Sulawesi Tenggara,31,Tari Lulo Alu
Sulawesi Tenggara,31,Tari Lumense
Sulawesi Tenggara,31,Tari Mangaru
sulawesi tenggara,31,tari mondotambe
sulawesi utara,3,benteng portugis
sulawesi utara,5,asaren tuah puhuna
Sulawesi Utara,5,Hikayat Danau Tondano
Sulawesi Utara,5,Hikayat Prang Tondano
Sulawesi Utara,5,Legenda Mamanua
Sulawesi Utara,5,Legenda Pingkan Matindas
Sulawesi Utara,5,Legenda Toar Lumimuut
sulawesi utara,12,kompleks makam majapahit
Sulawesi Utara,12,Kuburan Borgo
sulawesi utara,12,kuburan kerkhoff kuburan belanda
Sulawesi Utara,13,Bagea
Sulawesi Utara,13,daging babi
Sulawesi Utara,13,daging ular
Sulawesi Utara,13,Dodol Amurang
Sulawesi Utara,13,Dodol Salak
Sulawesi Utara,13,Gulai Ikan Fufu
Sulawesi Utara,13,Nasi Jaa
Sulawesi Utara,13,Pangi
Sulawesi Utara,13,paniki
Sulawesi Utara,13,rintek wuuk
Sulawesi Utara,13,Tinutuan
Sulawesi Utara,13,woku blanga
sulawesi utara,14,masjid raya manado
Sulawesi Utara,23,Batu prasasti Pinabetengan
sulawesi utara,23,prasasti dinoyo
Sulawesi Utara,26,Wale
Sulawesi Utara,28,Sabel
Sulawesi Utara,29,Sangiran
Sulawesi Utara,29,Situs Bukit Kerang Passo
Sulawesi Utara,30,Suku Bajo
Sulawesi Utara,30,Suku bali
Sulawesi Utara,30,Suku Bantik
Sulawesi Utara,30,Suku Bolaang Mongondow
Sulawesi Utara,30,Suku jawa
Sulawesi Utara,30,Suku Minahasa
Sulawesi Utara,30,Suku Sangihe
Sulawesi Utara,30,Suku Siau
Sulawesi Utara,30,Suku Talaud
Sulawesi Utara,30,Suku ternate
Sulawesi Utara,30,Suku Wawontehu
Sulawesi Utara,31,Cakalele
Sulawesi Utara,31,Tari Maengket
Sulawesi Utara,31,Tari Poco-poco
sumatera barat,2,bahasa batak dialek mandailing
sumatera barat,2,bahasa melayu
Sumatera Barat,2,bahasa mentawai
Sumatera Barat,2,bahasa minangkabau
Sumatera Barat,3,Benteng Fort de Kock
sumatera barat,6,istana basa pagaruyung
Sumatera Barat,6,Istano Basa Pagaruyung
Sumatera Barat,6,Istano Silinduang Bulan
Sumatera Barat,13,bareh randang
Sumatera Barat,13,batiah
Sumatera Barat,13,Bubur Kampiun
Sumatera Barat,13,dakak-dakak angko 8
Sumatera Barat,13,Dendeng Balado
Sumatera Barat,13,galamai
Sumatera Barat,13,Itiak Lado Mudo
Sumatera Barat,13,Karupuak Balado
Sumatera Barat,13,karupuak sanjai
Sumatera Barat,13,kipang kacang
Sumatera Barat,13,Kopi Luwak
Sumatera Barat,13,pinyaram
Sumatera Barat,13,rakik maco
Sumatera Barat,13,randang telur
Sumatera Barat,13,Rendang
Sumatera Barat,13,Sate Padang
Sumatera Barat,13,Soto Padang
sumatera barat,14,masjid raya ganting
sumatera barat,14,masjid raya sumatera barat
sumatera barat,14,masjid tuo kayu jao
sumatera barat,16,musik minang
sumatera barat,16,musik minangkabau
Sumatera Barat,26,Gadang
Sumatera Barat,26,Rumah Bagonjong
Sumatera Barat,27,Randai
Sumatera Barat,28,Kerambit
Sumatera Barat,28,Keris
Sumatera Barat,28,panah
Sumatera Barat,28,pedang panjang
Sumatera Barat,28,sumpit
Sumatera Barat,28,tombak
sumatera barat,30,Suku mentawai
sumatera barat,30,Suku minang
sumatera barat,30,Suku minangkabau
Sumatera Barat,30,Suku batak
Sumatera Barat,30,Suku jawa
Sumatera Barat,30,Suku mandailing
Sumatera Barat,30,Suku nias
Sumatera Barat,30,Suku tamil
Sumatera Barat,31,Tari Indang
Sumatera Barat,31,Tari Pasambahan
Sumatera Barat,31,Tari Payung
Sumatera Barat,31,Tari Piring
Sumatera Barat,31,Turuk Laggai
Sumatera Barat,32,sijobang
sumatera selatan,4,candi bumi ayu
sumatera selatan,13,pindang
sumatera utara,2,bahasa bahasa
sumatera utara,2,bahasa batak
sumatera utara,2,bahasa jawa
sumatera utara,2,bahasa minangkabau
sumatera utara,2,bahasa nias
sumatera utara,2,bahasa pesisir
Sumatera Utara,13,Babi panggang
Sumatera Utara,13,dengke naniarsik
sumatera utara,13,pakpak dairi
Sumatera Utara,13,Pasituak Natonggi
sumatera utara,13,pelleng
Sumatera Utara,13,Saksang
sumatera utara,15,kain adat batak
sumatera utara,15,ulos
Sumatera Utara,19,oles
Sumatera Utara,19,Songket Barus
Sumatera Utara,19,uis
Sumatera Utara,19,ulos
Sumatera Utara,26,Bagas Gadang
Sumatera Utara,26,Ruma Batak
sumatera utara,26,rumah adat karo
sumatera utara,30,Suku jawa
sumatera utara,30,Suku pesisir
Sumatera Utara,30,Suku aceh
Sumatera Utara,30,Suku banjar
Sumatera Utara,30,Suku banten
Sumatera Utara,30,Suku batak
Sumatera Utara,30,Suku Batak Karo
Sumatera Utara,30,Suku Batak Mandailing
Sumatera Utara,30,Suku Batak Pakpak
Sumatera Utara,30,Suku Batak Pesisir
Sumatera Utara,30,Suku Batak Simalungun
Sumatera Utara,30,Suku Batak Toba
Sumatera Utara,30,Suku melayu
Sumatera Utara,30,Suku minangkabau
Sumatera Utara,30,Suku nias
sumatera utara,30,suku siladang
Sumatera Utara,30,Suku sunda
Sumatera Utara,31,Tari profan
Sumatera Utara,31,Tortor
Sumatera Utara,31,Tunggal Panaluan
Yogyakarta,4,candi abang
Yogyakarta,4,candi banyunibo
Yogyakarta,4,candi barong
Yogyakarta,4,candi dawangsari
Yogyakarta,4,candi gampingan
Yogyakarta,4,candi gebang
Yogyakarta,4,candi gembirowati
Yogyakarta,4,candi ijo
Yogyakarta,4,candi kalasan
Yogyakarta,4,candi keblak
Yogyakarta,4,candi kedulan
Yogyakarta,4,candi kimpulan
Yogyakarta,4,candi klodangan
Yogyakarta,4,candi miri
Yogyakarta,4,candi morangan
Yogyakarta,4,candi palgading
Yogyakarta,4,candi plembutan
Yogyakarta,4,candi prambanan
Yogyakarta,4,candi pringtali
Yogyakarta,4,candi risan
Yogyakarta,4,candi sambisari
Yogyakarta,4,candi sari
Yogyakarta,4,candi sorogedug
Yogyakarta,4,candi watu gudhig
Yogyakarta,6,Istana Air Taman Sari
Yogyakarta,6,keraton yogyakarta
Yogyakarta,6,kraton ratu boko
Yogyakarta,7,Kadipaten Paku Alaman
Yogyakarta,7,kadipaten pakualaman
Yogyakarta,7,kadipaten pakualamanan
Yogyakarta,7,Kesultanan Ngayogyakarta Hadiningrat
Yogyakarta,12,Pemakaman Girigondo
Yogyakarta,12,Pemakaman Imogiri
Yogyakarta,27,Sendratari Ramayana Prambanan
Yogyakarta,29,Situs arca bugisan
Yogyakarta,29,Situs arca gupolo
Yogyakarta,29,Situs bleberan
Yogyakarta,29,Situs gondangan
Yogyakarta,29,Situs gua sentono
Yogyakarta,29,Situs mangir
Yogyakarta,29,Situs mantup
Yogyakarta,29,Situs payak
Yogyakarta,29,Situs Sokoliman
Yogyakarta,30,Suku Bali
Yogyakarta,30,Suku Banjar
Yogyakarta,30,Suku Banten
Yogyakarta,30,Suku Batak
Yogyakarta,30,Suku Betawi
Yogyakarta,30,Suku Bugis
Yogyakarta,30,Suku Jawa
Yogyakarta,30,Suku Madura
Yogyakarta,30,Suku Melayu
Yogyakarta,30,Suku Minangkabau
Yogyakarta,30,Suku Sunda
bali,1,gamelan semar pegulingan
bali,1,gamelan gong kebyar
banten,2,bahasa sunda campuran sunda kuno
banten,7,kerajaan sumedang
bengkulu,20,patung gajah putih
gorontalo,26,rumah adat dulohupa
jambi,4,candi muaro jambi
jambi,6,istana majapahit
jambi,30,suku melayu
jambi,30,suku asli anak dalam
jambi,30,suku kerinci
jambi,31,tarian rentak besapih
jawa barat,14,masjid dian al-mahri
jawa barat,30,suku betawi
sulawesi utara,13,rw
lampung,15,kain lampung
lampung,15,kain samarinda
lampung,11,lagu tanoh lada
lampung,2,bahasa jawa
lampung,2,bahasa sunda
lampung,2,bahasa bali
lampung,2,bahasa minang
lampung,2,bahasa lampung
kalimantan tengah,19,busana pengantin pria dayak kalimantan tengah
