Provinsi,header
Aceh,pusat pemerintahan
Aceh,jumlah penduduk
Aceh,kecamatan
Aceh,logo
Aceh,pusat pemerintahan
Aceh,jumlah penduduk
Aceh,kecamatan
Aceh,logo
Aceh,pusat pemerintahan
Aceh,jumlah penduduk
Aceh,kecamatan
Aceh,logo
Aceh,pusat pemerintahan
Aceh,jumlah penduduk
Aceh,kecamatan
Aceh,logo
Gorontalo,tahun
Gorontalo,jumlah penduduk
Gorontalo,tahun
Gorontalo,jumlah penduduk
Gorontalo,tahun
Gorontalo,jumlah penduduk
Gorontalo,tahun
Gorontalo,jumlah penduduk
Gorontalo,tahun
Gorontalo,jumlah penduduk
Jakarta,etnis
Jakarta,etnis
Jakarta,etnis
Jakarta,etnis
Jakarta,etnis
Jakarta,etnis
Jakarta,etnis
Jakarta,etnis
Jambi,pusat pemerintahan
Jambi,kecamatan
Jambi,logo
Jambi,pusat pemerintahan
Jambi,kecamatan
Jambi,logo
Jambi,pusat pemerintahan
Jambi,kecamatan
Jambi,logo
Jawa Barat,pusat pemerintahan
Jawa Barat,kecamatan
Jawa Barat,logo
Jawa Barat,lokasi
Jawa Barat,pusat pemerintahan
Jawa Barat,kecamatan
Jawa Barat,logo
Jawa Barat,lokasi
Jawa Barat,pusat pemerintahan
Jawa Barat,kecamatan
Jawa Barat,logo
Jawa Barat,lokasi
Jawa Tengah,logo
Jawa Tengah,pusat pemerintahan
Jawa Tengah,kecamatan
Jawa Tengah,jumlah penduduk
Jawa Tengah,lokasi
Jawa Tengah,logo
Jawa Tengah,pusat pemerintahan
Jawa Tengah,kecamatan
Jawa Tengah,jumlah penduduk
Jawa Tengah,lokasi
Jawa Tengah,logo
Jawa Tengah,pusat pemerintahan
Jawa Tengah,kecamatan
Jawa Tengah,jumlah penduduk
Jawa Tengah,lokasi
Jawa Tengah,logo
Jawa Tengah,pusat pemerintahan
Jawa Tengah,kecamatan
Jawa Tengah,jumlah penduduk
Jawa Tengah,lokasi
Jawa Tengah,logo
Jawa Tengah,pusat pemerintahan
Jawa Tengah,kecamatan
Jawa Tengah,jumlah penduduk
Jawa Tengah,lokasi
Jawa Timur,nomor
Jawa Timur,suku bangsa
Jawa Timur,jumlah
Jawa Timur,konsentrasi
Jawa Timur,nomor
Jawa Timur,suku bangsa
Jawa Timur,jumlah
Jawa Timur,konsentrasi
Jawa Timur,nomor
Jawa Timur,suku bangsa
Jawa Timur,jumlah
Jawa Timur,konsentrasi
Jawa Timur,nomor
Jawa Timur,suku bangsa
Jawa Timur,jumlah
Jawa Timur,konsentrasi
Kalimantan Barat,nomor
Kalimantan Barat,suku bangsa
Kalimantan Barat,jumlah
Kalimantan Barat,konsentrasi
Kalimantan Barat,
Kalimantan Barat,total
Kalimantan Barat,nomor
Kalimantan Barat,suku bangsa
Kalimantan Barat,jumlah
Kalimantan Barat,konsentrasi
Kalimantan Barat,
Kalimantan Barat,total
Kalimantan Barat,nomor
Kalimantan Barat,suku bangsa
Kalimantan Barat,jumlah
Kalimantan Barat,konsentrasi
Kalimantan Barat,
Kalimantan Barat,total
Kalimantan Barat,nomor
Kalimantan Barat,suku bangsa
Kalimantan Barat,jumlah
Kalimantan Barat,konsentrasi
Kalimantan Barat,
Kalimantan Barat,total
Kalimantan Barat,nomor
Kalimantan Barat,suku bangsa
Kalimantan Barat,jumlah
Kalimantan Barat,konsentrasi
Kalimantan Barat,
Kalimantan Barat,total
Kalimantan Barat,nomor
Kalimantan Barat,suku bangsa
Kalimantan Barat,jumlah
Kalimantan Barat,konsentrasi
Kalimantan Barat,
Kalimantan Barat,total
Kalimantan Selatan,peringkat
Kalimantan Selatan,suku bangsa
Kalimantan Selatan,keterangan
Kalimantan Selatan,
Kalimantan Selatan,total
Kalimantan Selatan,peringkat
Kalimantan Selatan,suku bangsa
Kalimantan Selatan,keterangan
Kalimantan Selatan,
Kalimantan Selatan,total
Kalimantan Selatan,peringkat
Kalimantan Selatan,suku bangsa
Kalimantan Selatan,keterangan
Kalimantan Selatan,
Kalimantan Selatan,total
Kalimantan Selatan,peringkat
Kalimantan Selatan,suku bangsa
Kalimantan Selatan,keterangan
Kalimantan Selatan,
Kalimantan Selatan,total
Kalimantan Selatan,peringkat
Kalimantan Selatan,suku bangsa
Kalimantan Selatan,keterangan
Kalimantan Selatan,
Kalimantan Selatan,total
Kalimantan Tengah,nomor
Kalimantan Tengah,suku bangsa
Kalimantan Tengah,
Kalimantan Tengah,total
Kalimantan Tengah,nomor
Kalimantan Tengah,suku bangsa
Kalimantan Tengah,
Kalimantan Tengah,total
Kalimantan Tengah,nomor
Kalimantan Tengah,suku bangsa
Kalimantan Tengah,
Kalimantan Tengah,total
Kalimantan Tengah,nomor
Kalimantan Tengah,suku bangsa
Kalimantan Tengah,
Kalimantan Tengah,total
Kalimantan Timur,pusat pemerintahan
Kalimantan Timur,kecamatan
Kalimantan Timur,logo
Kalimantan Timur,pusat pemerintahan
Kalimantan Timur,kecamatan
Kalimantan Timur,logo
Kalimantan Timur,pusat pemerintahan
Kalimantan Timur,kecamatan
Kalimantan Timur,logo
Kalimantan Utara,ibukota
Kalimantan Utara,ibukota
Kalimantan Utara,ibukota
Kepulauan Bangka Belitung,partai
Kepulauan Bangka Belitung,kursi
Kepulauan Bangka Belitung,total
Kepulauan Bangka Belitung,partai
Kepulauan Bangka Belitung,kursi
Kepulauan Bangka Belitung,total
Kepulauan Bangka Belitung,partai
Kepulauan Bangka Belitung,kursi
Kepulauan Bangka Belitung,total
Kepulauan Riau,pusat pemerintahan
Kepulauan Riau,kecamatan
Kepulauan Riau,logo
Kepulauan Riau,pusat pemerintahan
Kepulauan Riau,kecamatan
Kepulauan Riau,logo
Kepulauan Riau,pusat pemerintahan
Kepulauan Riau,kecamatan
Kepulauan Riau,logo
Kepulauan Riau,pusat pemerintahan
Kepulauan Riau,kecamatan
Kepulauan Riau,logo
Lampung,maskapai
Lampung,tujuan
Lampung,maskapai
Lampung,tujuan
Lampung,maskapai
Lampung,tujuan
Lampung,maskapai
Lampung,tujuan
Maluku,pusat pemerintahan
Maluku,kecamatan
Maluku,logo
Maluku,pusat pemerintahan
Maluku,kecamatan
Maluku,logo
Maluku,pusat pemerintahan
Maluku,kecamatan
Maluku,logo
Maluku,pusat pemerintahan
Maluku,kecamatan
Maluku,logo
Maluku Utara,pulau
Maluku Utara,kepadatan
Maluku Utara,titik tertinggi
Maluku Utara,ketinggian
Maluku Utara,geolokasi
Maluku Utara,pulau
Maluku Utara,kepadatan
Maluku Utara,titik tertinggi
Maluku Utara,ketinggian
Maluku Utara,geolokasi
Maluku Utara,pulau
Maluku Utara,kepadatan
Maluku Utara,titik tertinggi
Maluku Utara,ketinggian
Maluku Utara,geolokasi
Maluku Utara,pulau
Maluku Utara,kepadatan
Maluku Utara,titik tertinggi
Maluku Utara,ketinggian
Maluku Utara,geolokasi
Maluku Utara,pulau
Maluku Utara,kepadatan
Maluku Utara,titik tertinggi
Maluku Utara,ketinggian
Maluku Utara,geolokasi
Nusa Tenggara Timur,pusat pemerintahan
Nusa Tenggara Timur,kecamatan
Nusa Tenggara Timur,logo
Nusa Tenggara Timur,lokasi
Nusa Tenggara Timur,pusat pemerintahan
Nusa Tenggara Timur,kecamatan
Nusa Tenggara Timur,logo
Nusa Tenggara Timur,lokasi
Nusa Tenggara Timur,pusat pemerintahan
Nusa Tenggara Timur,kecamatan
Nusa Tenggara Timur,logo
Nusa Tenggara Timur,lokasi
Riau,pusat pemerintahan
Riau,kecamatan
Riau,logo
Riau,pusat pemerintahan
Riau,kecamatan
Riau,logo
Riau,pusat pemerintahan
Riau,kecamatan
Riau,logo
Sulawesi Barat,islam
Sulawesi Barat,kristen protestan
Sulawesi Barat,katolik
Sulawesi Barat,hindu
Sulawesi Barat,buddha
Sulawesi Barat,konghucu
Sulawesi Barat,aliran
Sulawesi Barat,islam
Sulawesi Barat,kristen protestan
Sulawesi Barat,katolik
Sulawesi Barat,hindu
Sulawesi Barat,buddha
Sulawesi Barat,konghucu
Sulawesi Barat,aliran
Sulawesi Barat,islam
Sulawesi Barat,kristen protestan
Sulawesi Barat,katolik
Sulawesi Barat,hindu
Sulawesi Barat,buddha
Sulawesi Barat,konghucu
Sulawesi Barat,aliran
Sulawesi Selatan,logo
Sulawesi Selatan,pusat pemerintahan
Sulawesi Selatan,jumlah penduduk
Sulawesi Selatan,kecamatan
Sulawesi Selatan,logo
Sulawesi Selatan,pusat pemerintahan
Sulawesi Selatan,jumlah penduduk
Sulawesi Selatan,kecamatan
Sulawesi Selatan,logo
Sulawesi Selatan,pusat pemerintahan
Sulawesi Selatan,jumlah penduduk
Sulawesi Selatan,kecamatan
Sulawesi Tengah,tahun
Sulawesi Tengah,jumlah penduduk
Sulawesi Tengah,tahun
Sulawesi Tengah,jumlah penduduk
Sulawesi Tengah,tahun
Sulawesi Tengah,jumlah penduduk
Sulawesi Tengah,tahun
Sulawesi Tengah,jumlah penduduk
Sulawesi Tenggara,partai
Sulawesi Tenggara,kursi
Sulawesi Tenggara,total
Sulawesi Tenggara,partai
Sulawesi Tenggara,kursi
Sulawesi Tenggara,total
Sulawesi Tenggara,partai
Sulawesi Tenggara,kursi
Sulawesi Tenggara,total
Sulawesi Tenggara,partai
Sulawesi Tenggara,kursi
Sulawesi Tenggara,total
Sulawesi Tenggara,partai
Sulawesi Tenggara,kursi
Sulawesi Tenggara,total
Sulawesi Tenggara,partai
Sulawesi Tenggara,kursi
Sulawesi Tenggara,total
Sulawesi Utara,no
Sulawesi Utara,gubernur
Sulawesi Utara,mulai jabatan
Sulawesi Utara,akhir jabatan
Sulawesi Utara,wakil gubernur
Sulawesi Utara,no
Sulawesi Utara,gubernur
Sulawesi Utara,mulai jabatan
Sulawesi Utara,akhir jabatan
Sulawesi Utara,wakil gubernur
Sumatera Barat,tahun
Sumatera Barat,jumlah penduduk
Sumatera Barat,tahun
Sumatera Barat,jumlah penduduk
Sumatera Barat,tahun
Sumatera Barat,jumlah penduduk
Sumatera Selatan,tahun
Sumatera Selatan,jumlah penduduk
Sumatera Selatan,tahun
Sumatera Selatan,jumlah penduduk
Sumatera Selatan,tahun
Sumatera Selatan,jumlah penduduk
Sumatera Selatan,tahun
Sumatera Selatan,jumlah penduduk
Sumatera Selatan,tahun
Sumatera Selatan,jumlah penduduk
Yogyakarta,nomor
Yogyakarta,suku bangsa
Yogyakarta,jumlah
Yogyakarta,konsentrasi
Yogyakarta,nomor
Yogyakarta,suku bangsa
Yogyakarta,jumlah
Yogyakarta,konsentrasi
Yogyakarta,nomor
Yogyakarta,suku bangsa
Yogyakarta,jumlah
Yogyakarta,konsentrasi
Yogyakarta,nomor
Yogyakarta,suku bangsa
Yogyakarta,jumlah
Yogyakarta,konsentrasi
Yogyakarta,nomor
Yogyakarta,suku bangsa
Yogyakarta,jumlah
Yogyakarta,konsentrasi
Yogyakarta,nomor
Yogyakarta,suku bangsa
Yogyakarta,jumlah
Yogyakarta,konsentrasi
Yogyakarta,nomor
Yogyakarta,suku bangsa
Yogyakarta,jumlah
Yogyakarta,konsentrasi
