Provinsi,Kabupaten/Kota,Header
Aceh,Kabupaten Aceh Tengah,kecamatan
Aceh,Kabupaten Aceh Tengah,jumlah kampung
Aceh,Kabupaten Aceh Tengah,kode pos
Aceh,Kabupaten Aceh Tengah,kecamatan
Aceh,Kabupaten Aceh Tengah,jumlah kampung
Aceh,Kabupaten Aceh Tengah,kode pos
Aceh,Kabupaten Aceh Tenggara,nomor
Aceh,Kabupaten Aceh Tenggara,nama bupati
Aceh,Kabupaten Aceh Tenggara,masa jabatan
Aceh,Kabupaten Aceh Tenggara,nomor
Aceh,Kabupaten Aceh Tenggara,nama bupati
Aceh,Kabupaten Aceh Tenggara,masa jabatan
Aceh,Kabupaten Aceh Tenggara,nomor
Aceh,Kabupaten Aceh Tenggara,nama bupati
Aceh,Kabupaten Aceh Tenggara,masa jabatan
Aceh,Kabupaten Aceh Tenggara,nomor
Aceh,Kabupaten Aceh Tenggara,nama bupati
Aceh,Kabupaten Aceh Tenggara,masa jabatan
Aceh,Kabupaten Aceh Timur,nama bupati
Aceh,Kabupaten Aceh Timur,masa jabatan
Aceh,Kabupaten Aceh Timur,nama bupati
Aceh,Kabupaten Aceh Timur,masa jabatan
Aceh,Kabupaten Bener Meriah,no
Aceh,Kabupaten Bener Meriah,perempuan
Aceh,Kabupaten Bener Meriah,jumlah penduduk
Aceh,Kabupaten Bener Meriah,luas wilayah
Aceh,Kabupaten Bener Meriah,kepadatan penduduk
Aceh,Kabupaten Bener Meriah,no
Aceh,Kabupaten Bener Meriah,perempuan
Aceh,Kabupaten Bener Meriah,jumlah penduduk
Aceh,Kabupaten Bener Meriah,luas wilayah
Aceh,Kabupaten Bener Meriah,kepadatan penduduk
Aceh,Kabupaten Simeulue,devayan
Aceh,Kabupaten Simeulue,sigulai
Aceh,Kabupaten Simeulue,indonesia
Aceh,Kota Banda Aceh,data iklim banda aceh
Aceh,Kota Banda Aceh,bulan
Aceh,Kota Banda Aceh,jan
Aceh,Kota Banda Aceh,feb
Aceh,Kota Banda Aceh,mar
Aceh,Kota Banda Aceh,apr
Aceh,Kota Banda Aceh,mei
Aceh,Kota Banda Aceh,jun
Aceh,Kota Banda Aceh,jul
Aceh,Kota Banda Aceh,agt
Aceh,Kota Banda Aceh,sep
Aceh,Kota Banda Aceh,okt
Aceh,Kota Banda Aceh,nov
Aceh,Kota Banda Aceh,des
Aceh,Kota Banda Aceh,tahun
Aceh,Kota Banda Aceh,data iklim banda aceh
Aceh,Kota Banda Aceh,bulan
Aceh,Kota Banda Aceh,jan
Aceh,Kota Banda Aceh,feb
Aceh,Kota Banda Aceh,mar
Aceh,Kota Banda Aceh,apr
Aceh,Kota Banda Aceh,mei
Aceh,Kota Banda Aceh,jun
Aceh,Kota Banda Aceh,jul
Aceh,Kota Banda Aceh,agt
Aceh,Kota Banda Aceh,sep
Aceh,Kota Banda Aceh,okt
Aceh,Kota Banda Aceh,nov
Aceh,Kota Banda Aceh,des
Aceh,Kota Banda Aceh,tahun
Aceh,Kota Banda Aceh,data iklim banda aceh
Aceh,Kota Banda Aceh,bulan
Aceh,Kota Banda Aceh,jan
Aceh,Kota Banda Aceh,feb
Aceh,Kota Banda Aceh,mar
Aceh,Kota Banda Aceh,apr
Aceh,Kota Banda Aceh,mei
Aceh,Kota Banda Aceh,jun
Aceh,Kota Banda Aceh,jul
Aceh,Kota Banda Aceh,agt
Aceh,Kota Banda Aceh,sep
Aceh,Kota Banda Aceh,okt
Aceh,Kota Banda Aceh,nov
Aceh,Kota Banda Aceh,des
Aceh,Kota Banda Aceh,tahun
Aceh,Kota Banda Aceh,data iklim banda aceh
Aceh,Kota Banda Aceh,bulan
Aceh,Kota Banda Aceh,jan
Aceh,Kota Banda Aceh,feb
Aceh,Kota Banda Aceh,mar
Aceh,Kota Banda Aceh,apr
Aceh,Kota Banda Aceh,mei
Aceh,Kota Banda Aceh,jun
Aceh,Kota Banda Aceh,jul
Aceh,Kota Banda Aceh,agt
Aceh,Kota Banda Aceh,sep
Aceh,Kota Banda Aceh,okt
Aceh,Kota Banda Aceh,nov
Aceh,Kota Banda Aceh,des
Aceh,Kota Banda Aceh,tahun
Aceh,Kota Banda Aceh,data iklim banda aceh
Aceh,Kota Banda Aceh,bulan
Aceh,Kota Banda Aceh,jan
Aceh,Kota Banda Aceh,feb
Aceh,Kota Banda Aceh,mar
Aceh,Kota Banda Aceh,apr
Aceh,Kota Banda Aceh,mei
Aceh,Kota Banda Aceh,jun
Aceh,Kota Banda Aceh,jul
Aceh,Kota Banda Aceh,agt
Aceh,Kota Banda Aceh,sep
Aceh,Kota Banda Aceh,okt
Aceh,Kota Banda Aceh,nov
Aceh,Kota Banda Aceh,des
Aceh,Kota Banda Aceh,tahun
Aceh,Kota Sabang,partai
Aceh,Kota Sabang,kursi
Aceh,Kota Sabang,total
Aceh,Kota Sabang,partai
Aceh,Kota Sabang,kursi
Aceh,Kota Sabang,total
Sumatera Utara,Kabupaten Deli Serdang,no
Sumatera Utara,Kabupaten Deli Serdang,gambar
Sumatera Utara,Kabupaten Deli Serdang,nama
Sumatera Utara,Kabupaten Deli Serdang,awal masa jabatan
Sumatera Utara,Kabupaten Deli Serdang,akhir masa jabatan
Sumatera Utara,Kabupaten Deli Serdang,wakil
Sumatera Utara,Kabupaten Deli Serdang,keterangan
Sumatera Utara,Kabupaten Deli Serdang,no
Sumatera Utara,Kabupaten Deli Serdang,gambar
Sumatera Utara,Kabupaten Deli Serdang,nama
Sumatera Utara,Kabupaten Deli Serdang,awal masa jabatan
Sumatera Utara,Kabupaten Deli Serdang,akhir masa jabatan
Sumatera Utara,Kabupaten Deli Serdang,wakil
Sumatera Utara,Kabupaten Deli Serdang,keterangan
Sumatera Utara,Kabupaten Nias Barat,bupati
Sumatera Utara,Kabupaten Nias Barat,wakil bupati
Sumatera Utara,Kabupaten Nias Barat,periode
Sumatera Utara,Kabupaten Nias Barat,bupati
Sumatera Utara,Kabupaten Nias Barat,wakil bupati
Sumatera Utara,Kabupaten Nias Barat,periode
Sumatera Utara,Kabupaten Padang Lawas Utara,no
Sumatera Utara,Kabupaten Padang Lawas Utara,gambar
Sumatera Utara,Kabupaten Padang Lawas Utara,nama
Sumatera Utara,Kabupaten Padang Lawas Utara,awal menjabat
Sumatera Utara,Kabupaten Padang Lawas Utara,akhir menjabat
Sumatera Utara,Kabupaten Padang Lawas Utara,wakil
Sumatera Utara,Kabupaten Padang Lawas Utara,keterangan
Sumatera Utara,Kabupaten Tapanuli Selatan,no
Sumatera Utara,Kabupaten Tapanuli Selatan,gambar
Sumatera Utara,Kabupaten Tapanuli Selatan,nama
Sumatera Utara,Kabupaten Tapanuli Selatan,awal masa jabatan
Sumatera Utara,Kabupaten Tapanuli Selatan,akhir masa jabatan
Sumatera Utara,Kabupaten Tapanuli Selatan,keterangan
Sumatera Utara,Kabupaten Tapanuli Utara,ketua
Sumatera Utara,Kabupaten Tapanuli Utara,keterangan
Sumatera Utara,Kota Padangsidempuan,partai
Sumatera Utara,Kota Padangsidempuan,kursi
Sumatera Utara,Kota Pematangsiantar,kecamatan
Sumatera Utara,Kota Pematangsiantar,jumlah
Sumatera Utara,Kota Pematangsiantar,kecamatan
Sumatera Utara,Kota Pematangsiantar,jumlah
Sumatera Utara,Kota Pematangsiantar,kecamatan
Sumatera Utara,Kota Pematangsiantar,jumlah
Sumatera Utara,Kota Sibolga,kemiringan
Sumatera Utara,Kota Sibolga,keterangan
Sumatera Utara,Kota Sibolga,total
Sumatera Utara,Kota Sibolga,
Sumatera Utara,Kota Sibolga,kemiringan
Sumatera Utara,Kota Sibolga,keterangan
Sumatera Utara,Kota Sibolga,total
Sumatera Utara,Kota Sibolga,
Sumatera Barat,Kabupaten Dharmasraya,tahun
Sumatera Barat,Kabupaten Dharmasraya,jumlah penduduk
Sumatera Barat,Kabupaten Dharmasraya,pertumbuhan penduduk
Sumatera Barat,Kabupaten Dharmasraya,kepadatan penduduk
Sumatera Barat,Kota Bukittinggi,data iklim bukittinggi
Sumatera Barat,Kota Bukittinggi,bulan
Sumatera Barat,Kota Bukittinggi,jan
Sumatera Barat,Kota Bukittinggi,feb
Sumatera Barat,Kota Bukittinggi,mar
Sumatera Barat,Kota Bukittinggi,apr
Sumatera Barat,Kota Bukittinggi,mei
Sumatera Barat,Kota Bukittinggi,jun
Sumatera Barat,Kota Bukittinggi,jul
Sumatera Barat,Kota Bukittinggi,agt
Sumatera Barat,Kota Bukittinggi,sep
Sumatera Barat,Kota Bukittinggi,okt
Sumatera Barat,Kota Bukittinggi,nov
Sumatera Barat,Kota Bukittinggi,des
Sumatera Barat,Kota Bukittinggi,tahun
Sumatera Barat,Kota Bukittinggi,data iklim bukittinggi
Sumatera Barat,Kota Bukittinggi,bulan
Sumatera Barat,Kota Bukittinggi,jan
Sumatera Barat,Kota Bukittinggi,feb
Sumatera Barat,Kota Bukittinggi,mar
Sumatera Barat,Kota Bukittinggi,apr
Sumatera Barat,Kota Bukittinggi,mei
Sumatera Barat,Kota Bukittinggi,jun
Sumatera Barat,Kota Bukittinggi,jul
Sumatera Barat,Kota Bukittinggi,agt
Sumatera Barat,Kota Bukittinggi,sep
Sumatera Barat,Kota Bukittinggi,okt
Sumatera Barat,Kota Bukittinggi,nov
Sumatera Barat,Kota Bukittinggi,des
Sumatera Barat,Kota Bukittinggi,tahun
Sumatera Barat,Kota Bukittinggi,data iklim bukittinggi
Sumatera Barat,Kota Bukittinggi,bulan
Sumatera Barat,Kota Bukittinggi,jan
Sumatera Barat,Kota Bukittinggi,feb
Sumatera Barat,Kota Bukittinggi,mar
Sumatera Barat,Kota Bukittinggi,apr
Sumatera Barat,Kota Bukittinggi,mei
Sumatera Barat,Kota Bukittinggi,jun
Sumatera Barat,Kota Bukittinggi,jul
Sumatera Barat,Kota Bukittinggi,agt
Sumatera Barat,Kota Bukittinggi,sep
Sumatera Barat,Kota Bukittinggi,okt
Sumatera Barat,Kota Bukittinggi,nov
Sumatera Barat,Kota Bukittinggi,des
Sumatera Barat,Kota Bukittinggi,tahun
Sumatera Barat,Kota Bukittinggi,data iklim bukittinggi
Sumatera Barat,Kota Bukittinggi,bulan
Sumatera Barat,Kota Bukittinggi,jan
Sumatera Barat,Kota Bukittinggi,feb
Sumatera Barat,Kota Bukittinggi,mar
Sumatera Barat,Kota Bukittinggi,apr
Sumatera Barat,Kota Bukittinggi,mei
Sumatera Barat,Kota Bukittinggi,jun
Sumatera Barat,Kota Bukittinggi,jul
Sumatera Barat,Kota Bukittinggi,agt
Sumatera Barat,Kota Bukittinggi,sep
Sumatera Barat,Kota Bukittinggi,okt
Sumatera Barat,Kota Bukittinggi,nov
Sumatera Barat,Kota Bukittinggi,des
Sumatera Barat,Kota Bukittinggi,tahun
Sumatera Barat,Kota Padang,data iklim padang
Sumatera Barat,Kota Padang,bulan
Sumatera Barat,Kota Padang,jan
Sumatera Barat,Kota Padang,feb
Sumatera Barat,Kota Padang,mar
Sumatera Barat,Kota Padang,apr
Sumatera Barat,Kota Padang,mei
Sumatera Barat,Kota Padang,jun
Sumatera Barat,Kota Padang,jul
Sumatera Barat,Kota Padang,agt
Sumatera Barat,Kota Padang,sep
Sumatera Barat,Kota Padang,okt
Sumatera Barat,Kota Padang,nov
Sumatera Barat,Kota Padang,des
Sumatera Barat,Kota Padang,tahun
Sumatera Barat,Kota Padang,data iklim padang
Sumatera Barat,Kota Padang,bulan
Sumatera Barat,Kota Padang,jan
Sumatera Barat,Kota Padang,feb
Sumatera Barat,Kota Padang,mar
Sumatera Barat,Kota Padang,apr
Sumatera Barat,Kota Padang,mei
Sumatera Barat,Kota Padang,jun
Sumatera Barat,Kota Padang,jul
Sumatera Barat,Kota Padang,agt
Sumatera Barat,Kota Padang,sep
Sumatera Barat,Kota Padang,okt
Sumatera Barat,Kota Padang,nov
Sumatera Barat,Kota Padang,des
Sumatera Barat,Kota Padang,tahun
Sumatera Barat,Kota Padang,data iklim padang
Sumatera Barat,Kota Padang,bulan
Sumatera Barat,Kota Padang,jan
Sumatera Barat,Kota Padang,feb
Sumatera Barat,Kota Padang,mar
Sumatera Barat,Kota Padang,apr
Sumatera Barat,Kota Padang,mei
Sumatera Barat,Kota Padang,jun
Sumatera Barat,Kota Padang,jul
Sumatera Barat,Kota Padang,agt
Sumatera Barat,Kota Padang,sep
Sumatera Barat,Kota Padang,okt
Sumatera Barat,Kota Padang,nov
Sumatera Barat,Kota Padang,des
Sumatera Barat,Kota Padang,tahun
Sumatera Barat,Kota Padang,data iklim padang
Sumatera Barat,Kota Padang,bulan
Sumatera Barat,Kota Padang,jan
Sumatera Barat,Kota Padang,feb
Sumatera Barat,Kota Padang,mar
Sumatera Barat,Kota Padang,apr
Sumatera Barat,Kota Padang,mei
Sumatera Barat,Kota Padang,jun
Sumatera Barat,Kota Padang,jul
Sumatera Barat,Kota Padang,agt
Sumatera Barat,Kota Padang,sep
Sumatera Barat,Kota Padang,okt
Sumatera Barat,Kota Padang,nov
Sumatera Barat,Kota Padang,des
Sumatera Barat,Kota Padang,tahun
Sumatera Barat,Kota Padang,data iklim padang
Sumatera Barat,Kota Padang,bulan
Sumatera Barat,Kota Padang,jan
Sumatera Barat,Kota Padang,feb
Sumatera Barat,Kota Padang,mar
Sumatera Barat,Kota Padang,apr
Sumatera Barat,Kota Padang,mei
Sumatera Barat,Kota Padang,jun
Sumatera Barat,Kota Padang,jul
Sumatera Barat,Kota Padang,agt
Sumatera Barat,Kota Padang,sep
Sumatera Barat,Kota Padang,okt
Sumatera Barat,Kota Padang,nov
Sumatera Barat,Kota Padang,des
Sumatera Barat,Kota Padang,tahun
Sumatera Barat,Kota Padang,data iklim padang
Sumatera Barat,Kota Padang,bulan
Sumatera Barat,Kota Padang,jan
Sumatera Barat,Kota Padang,feb
Sumatera Barat,Kota Padang,mar
Sumatera Barat,Kota Padang,apr
Sumatera Barat,Kota Padang,mei
Sumatera Barat,Kota Padang,jun
Sumatera Barat,Kota Padang,jul
Sumatera Barat,Kota Padang,agt
Sumatera Barat,Kota Padang,sep
Sumatera Barat,Kota Padang,okt
Sumatera Barat,Kota Padang,nov
Sumatera Barat,Kota Padang,des
Sumatera Barat,Kota Padang,tahun
Sumatera Barat,Kota Padangpanjang,kemiringan
Sumatera Barat,Kota Padangpanjang,total
Sumatera Barat,Kota Padangpanjang,kemiringan
Sumatera Barat,Kota Padangpanjang,total
Sumatera Barat,Kota Padangpanjang,kemiringan
Sumatera Barat,Kota Padangpanjang,total
Sumatera Barat,Kota Payakumbuh,pendidikan formal
Sumatera Barat,Kota Payakumbuh,sd atau mi negeri dan swasta
Sumatera Barat,Kota Payakumbuh,smp atau mts negeri dan swasta
Sumatera Barat,Kota Payakumbuh,sma negeri dan swasta
Sumatera Barat,Kota Payakumbuh,ma negeri dan swasta
Sumatera Barat,Kota Payakumbuh,smk negeri dan swasta
Sumatera Barat,Kota Payakumbuh,perguruan tinggi
Sumatera Barat,Kota Payakumbuh,jumlah satuan
Sumatera Barat,Kota Sawahlunto,nama kecamatan
Sumatera Barat,Kota Sawahlunto,ibukota kecamatan
Sumatera Barat,Kota Sawahlunto,nama kecamatan
Sumatera Barat,Kota Sawahlunto,ibukota kecamatan
Sumatera Barat,Kota Sawahlunto,nama kecamatan
Sumatera Barat,Kota Sawahlunto,ibukota kecamatan
Riau,Kabupaten Siak,tahun
Riau,Kabupaten Siak,jumlah penduduk
Riau,Kabupaten Siak,tahun
Riau,Kabupaten Siak,jumlah penduduk
Riau,Kabupaten Siak,tahun
Riau,Kabupaten Siak,jumlah penduduk
Riau,Kota Pekanbaru,data iklim pekanbaru
Riau,Kota Pekanbaru,bulan
Riau,Kota Pekanbaru,jan
Riau,Kota Pekanbaru,feb
Riau,Kota Pekanbaru,mar
Riau,Kota Pekanbaru,apr
Riau,Kota Pekanbaru,mei
Riau,Kota Pekanbaru,jun
Riau,Kota Pekanbaru,jul
Riau,Kota Pekanbaru,agt
Riau,Kota Pekanbaru,sep
Riau,Kota Pekanbaru,okt
Riau,Kota Pekanbaru,nov
Riau,Kota Pekanbaru,des
Riau,Kota Pekanbaru,tahun
Riau,Kota Pekanbaru,data iklim pekanbaru
Riau,Kota Pekanbaru,bulan
Riau,Kota Pekanbaru,jan
Riau,Kota Pekanbaru,feb
Riau,Kota Pekanbaru,mar
Riau,Kota Pekanbaru,apr
Riau,Kota Pekanbaru,mei
Riau,Kota Pekanbaru,jun
Riau,Kota Pekanbaru,jul
Riau,Kota Pekanbaru,agt
Riau,Kota Pekanbaru,sep
Riau,Kota Pekanbaru,okt
Riau,Kota Pekanbaru,nov
Riau,Kota Pekanbaru,des
Riau,Kota Pekanbaru,tahun
Riau,Kota Pekanbaru,data iklim pekanbaru
Riau,Kota Pekanbaru,bulan
Riau,Kota Pekanbaru,jan
Riau,Kota Pekanbaru,feb
Riau,Kota Pekanbaru,mar
Riau,Kota Pekanbaru,apr
Riau,Kota Pekanbaru,mei
Riau,Kota Pekanbaru,jun
Riau,Kota Pekanbaru,jul
Riau,Kota Pekanbaru,agt
Riau,Kota Pekanbaru,sep
Riau,Kota Pekanbaru,okt
Riau,Kota Pekanbaru,nov
Riau,Kota Pekanbaru,des
Riau,Kota Pekanbaru,tahun
Riau,Kota Pekanbaru,data iklim pekanbaru
Riau,Kota Pekanbaru,bulan
Riau,Kota Pekanbaru,jan
Riau,Kota Pekanbaru,feb
Riau,Kota Pekanbaru,mar
Riau,Kota Pekanbaru,apr
Riau,Kota Pekanbaru,mei
Riau,Kota Pekanbaru,jun
Riau,Kota Pekanbaru,jul
Riau,Kota Pekanbaru,agt
Riau,Kota Pekanbaru,sep
Riau,Kota Pekanbaru,okt
Riau,Kota Pekanbaru,nov
Riau,Kota Pekanbaru,des
Riau,Kota Pekanbaru,tahun
Riau,Kota Pekanbaru,data iklim pekanbaru
Riau,Kota Pekanbaru,bulan
Riau,Kota Pekanbaru,jan
Riau,Kota Pekanbaru,feb
Riau,Kota Pekanbaru,mar
Riau,Kota Pekanbaru,apr
Riau,Kota Pekanbaru,mei
Riau,Kota Pekanbaru,jun
Riau,Kota Pekanbaru,jul
Riau,Kota Pekanbaru,agt
Riau,Kota Pekanbaru,sep
Riau,Kota Pekanbaru,okt
Riau,Kota Pekanbaru,nov
Riau,Kota Pekanbaru,des
Riau,Kota Pekanbaru,tahun
Riau,Kota Pekanbaru,data iklim pekanbaru
Riau,Kota Pekanbaru,bulan
Riau,Kota Pekanbaru,jan
Riau,Kota Pekanbaru,feb
Riau,Kota Pekanbaru,mar
Riau,Kota Pekanbaru,apr
Riau,Kota Pekanbaru,mei
Riau,Kota Pekanbaru,jun
Riau,Kota Pekanbaru,jul
Riau,Kota Pekanbaru,agt
Riau,Kota Pekanbaru,sep
Riau,Kota Pekanbaru,okt
Riau,Kota Pekanbaru,nov
Riau,Kota Pekanbaru,des
Riau,Kota Pekanbaru,tahun
Kepulauan Riau,Kabupaten Natuna,etnis
Kepulauan Riau,Kota Tanjung Pinang,etnis
Jambi,Kabupaten Batanghari,no
Jambi,Kabupaten Batanghari,nama
Jambi,Kabupaten Batanghari,periode
Jambi,Kabupaten Batanghari,no
Jambi,Kabupaten Batanghari,nama
Jambi,Kabupaten Batanghari,periode
Jambi,Kabupaten Batanghari,no
Jambi,Kabupaten Batanghari,nama
Jambi,Kabupaten Batanghari,periode
Jambi,Kabupaten Batanghari,no
Jambi,Kabupaten Batanghari,nama
Jambi,Kabupaten Batanghari,periode
Jambi,Kabupaten Batanghari,no
Jambi,Kabupaten Batanghari,nama
Jambi,Kabupaten Batanghari,periode
Jambi,Kabupaten Tanjung Jabung Barat,partai
Jambi,Kabupaten Tanjung Jabung Barat,kursi
Jambi,Kabupaten Tanjung Jabung Barat,total
Jambi,Kabupaten Tanjung Jabung Timur,partai
Jambi,Kabupaten Tanjung Jabung Timur,kursi
Jambi,Kabupaten Tanjung Jabung Timur,total
Jambi,Kota Jambi,pendidikan formal
Jambi,Kota Jambi,sd atau mi negeri dan swasta
Jambi,Kota Jambi,smp atau mts negeri dan swasta
Jambi,Kota Jambi,perguruan tinggi
Jambi,Kota Jambi,jumlah satuan
Bengkulu,Kabupaten Rejang Lebong,nama
Bengkulu,Kabupaten Rejang Lebong,ibukota
Bengkulu,Kabupaten Rejang Lebong,nama
Bengkulu,Kabupaten Rejang Lebong,ibukota
Sumatera Selatan,Kabupaten Musi Banyuasin,no
Sumatera Selatan,Kabupaten Musi Banyuasin,kecamatan
Sumatera Selatan,Kabupaten Musi Banyuasin,jumlah penduduk
Sumatera Selatan,Kabupaten Musi Banyuasin,luas
Sumatera Selatan,Kabupaten Ogan Komering Ilir,kecamatan
Sumatera Selatan,Kabupaten Ogan Komering Ilir,kecamatan
Sumatera Selatan,Kabupaten Ogan Komering Ilir,kecamatan
Sumatera Selatan,Kabupaten Ogan Komering Ulu Timur,populasi
Sumatera Selatan,Kabupaten Ogan Komering Ulu Timur,tahun
Sumatera Selatan,Kota Pagar Alam,nama kecamatan
Sumatera Selatan,Kota Pagar Alam,luas wilayah
Sumatera Selatan,Kota Pagar Alam,jumlah penduduk
Sumatera Selatan,Kota Pagar Alam,kepadatan penduduk
Sumatera Selatan,Kota Pagar Alam,nama kecamatan
Sumatera Selatan,Kota Pagar Alam,luas wilayah
Sumatera Selatan,Kota Pagar Alam,jumlah penduduk
Sumatera Selatan,Kota Pagar Alam,kepadatan penduduk
Sumatera Selatan,Kota Pagar Alam,nama kecamatan
Sumatera Selatan,Kota Pagar Alam,luas wilayah
Sumatera Selatan,Kota Pagar Alam,jumlah penduduk
Sumatera Selatan,Kota Pagar Alam,kepadatan penduduk
Sumatera Selatan,Kota Palembang,data iklim palembang
Sumatera Selatan,Kota Palembang,bulan
Sumatera Selatan,Kota Palembang,jan
Sumatera Selatan,Kota Palembang,feb
Sumatera Selatan,Kota Palembang,mar
Sumatera Selatan,Kota Palembang,apr
Sumatera Selatan,Kota Palembang,mei
Sumatera Selatan,Kota Palembang,jun
Sumatera Selatan,Kota Palembang,jul
Sumatera Selatan,Kota Palembang,agt
Sumatera Selatan,Kota Palembang,sep
Sumatera Selatan,Kota Palembang,okt
Sumatera Selatan,Kota Palembang,nov
Sumatera Selatan,Kota Palembang,des
Sumatera Selatan,Kota Palembang,tahun
Sumatera Selatan,Kota Palembang,data iklim palembang
Sumatera Selatan,Kota Palembang,bulan
Sumatera Selatan,Kota Palembang,jan
Sumatera Selatan,Kota Palembang,feb
Sumatera Selatan,Kota Palembang,mar
Sumatera Selatan,Kota Palembang,apr
Sumatera Selatan,Kota Palembang,mei
Sumatera Selatan,Kota Palembang,jun
Sumatera Selatan,Kota Palembang,jul
Sumatera Selatan,Kota Palembang,agt
Sumatera Selatan,Kota Palembang,sep
Sumatera Selatan,Kota Palembang,okt
Sumatera Selatan,Kota Palembang,nov
Sumatera Selatan,Kota Palembang,des
Sumatera Selatan,Kota Palembang,tahun
Sumatera Selatan,Kota Palembang,data iklim palembang
Sumatera Selatan,Kota Palembang,bulan
Sumatera Selatan,Kota Palembang,jan
Sumatera Selatan,Kota Palembang,feb
Sumatera Selatan,Kota Palembang,mar
Sumatera Selatan,Kota Palembang,apr
Sumatera Selatan,Kota Palembang,mei
Sumatera Selatan,Kota Palembang,jun
Sumatera Selatan,Kota Palembang,jul
Sumatera Selatan,Kota Palembang,agt
Sumatera Selatan,Kota Palembang,sep
Sumatera Selatan,Kota Palembang,okt
Sumatera Selatan,Kota Palembang,nov
Sumatera Selatan,Kota Palembang,des
Sumatera Selatan,Kota Palembang,tahun
Kepulauan Bangka Belitung,Kabupaten Belitung,no
Kepulauan Bangka Belitung,Kabupaten Belitung,kecamatan
Kepulauan Bangka Belitung,Kabupaten Belitung,no
Kepulauan Bangka Belitung,Kabupaten Belitung,kecamatan
Kepulauan Bangka Belitung,Kabupaten Belitung,no
Kepulauan Bangka Belitung,Kabupaten Belitung,kecamatan
Lampung,Kabupaten Lampung Tengah,bupati
Lampung,Kabupaten Lampung Tengah,periode
Lampung,Kabupaten Lampung Tengah,bupati
Lampung,Kabupaten Lampung Tengah,periode
Lampung,Kabupaten Mesuji,nama kecamatan
Lampung,Kabupaten Mesuji,jumlah kelurahan
Lampung,Kabupaten Mesuji,jumlah desa
Lampung,Kota Bandar Lampung,nama
Lampung,Kota Bandar Lampung,periode
Lampung,Kota Bandar Lampung,nama
Lampung,Kota Bandar Lampung,periode
Lampung,Kota Bandar Lampung,nama
Lampung,Kota Bandar Lampung,periode
Lampung,Kota Bandar Lampung,nama
Lampung,Kota Bandar Lampung,periode
Lampung,Kota Bandar Lampung,nama
Lampung,Kota Bandar Lampung,periode
Lampung,Kota Bandar Lampung,nama
Lampung,Kota Bandar Lampung,periode
Lampung,Kota Bandar Lampung,nama
Lampung,Kota Bandar Lampung,periode
Lampung,Kota Bandar Lampung,nama
Lampung,Kota Bandar Lampung,periode
Lampung,Kota Bandar Lampung,nama
Lampung,Kota Bandar Lampung,periode
Lampung,Kota Bandar Lampung,nama
Lampung,Kota Bandar Lampung,periode
Lampung,Kota Bandar Lampung,nama
Lampung,Kota Bandar Lampung,periode
Lampung,Kota Bandar Lampung,nama
Lampung,Kota Bandar Lampung,periode
Lampung,Kota Metro,no
Lampung,Kota Metro,wali kota
Lampung,Kota Metro,mulai jabatan
Lampung,Kota Metro,akhir jabatan
Lampung,Kota Metro,wakil wali kota
Lampung,Kota Metro,petahana
Lampung,Kota Metro,no
Lampung,Kota Metro,wali kota
Lampung,Kota Metro,mulai jabatan
Lampung,Kota Metro,akhir jabatan
Lampung,Kota Metro,wakil wali kota
Lampung,Kota Metro,petahana
Lampung,Kota Metro,no
Lampung,Kota Metro,wali kota
Lampung,Kota Metro,mulai jabatan
Lampung,Kota Metro,akhir jabatan
Lampung,Kota Metro,wakil wali kota
Lampung,Kota Metro,petahana
Banten,Kabupaten Pandeglang,kecamatan
Banten,Kabupaten Pandeglang,populasi
Banten,Kabupaten Pandeglang,kecamatan
Banten,Kabupaten Pandeglang,populasi
Banten,Kota Cilegon,nama kereta
Banten,Kota Cilegon,terminus awal
Banten,Kota Cilegon,terminus akhir
Banten,Kota Serang,partai
Banten,Kota Serang,kursi
Banten,Kota Serang,total
Banten,Kota Serang,partai
Banten,Kota Serang,kursi
Banten,Kota Serang,total
Banten,Kota Tangerang,no
Banten,Kota Tangerang,skpd
Jawa Barat,Kabupaten Bekasi,
Jawa Barat,Kabupaten Bekasi,partai
Jawa Barat,Kabupaten Bekasi,
Jawa Barat,Kabupaten Bekasi,kursi
Jawa Barat,Kabupaten Bekasi,
Jawa Barat,Kabupaten Bekasi,total
Jawa Barat,Kabupaten Bekasi,
Jawa Barat,Kabupaten Cirebon,bulan
Jawa Barat,Kabupaten Cirebon,jan
Jawa Barat,Kabupaten Cirebon,feb
Jawa Barat,Kabupaten Cirebon,mar
Jawa Barat,Kabupaten Cirebon,apr
Jawa Barat,Kabupaten Cirebon,mei
Jawa Barat,Kabupaten Cirebon,jun
Jawa Barat,Kabupaten Cirebon,jul
Jawa Barat,Kabupaten Cirebon,agt
Jawa Barat,Kabupaten Cirebon,sep
Jawa Barat,Kabupaten Cirebon,okt
Jawa Barat,Kabupaten Cirebon,nov
Jawa Barat,Kabupaten Cirebon,des
Jawa Barat,Kabupaten Cirebon,tahun
Jawa Barat,Kabupaten Cirebon,bulan
Jawa Barat,Kabupaten Cirebon,jan
Jawa Barat,Kabupaten Cirebon,feb
Jawa Barat,Kabupaten Cirebon,mar
Jawa Barat,Kabupaten Cirebon,apr
Jawa Barat,Kabupaten Cirebon,mei
Jawa Barat,Kabupaten Cirebon,jun
Jawa Barat,Kabupaten Cirebon,jul
Jawa Barat,Kabupaten Cirebon,agt
Jawa Barat,Kabupaten Cirebon,sep
Jawa Barat,Kabupaten Cirebon,okt
Jawa Barat,Kabupaten Cirebon,nov
Jawa Barat,Kabupaten Cirebon,des
Jawa Barat,Kabupaten Cirebon,tahun
Jawa Barat,Kabupaten Karawang,perempuan
Jawa Barat,Kabupaten Karawang,total
Jawa Barat,Kabupaten Karawang,perempuan
Jawa Barat,Kabupaten Karawang,total
Jawa Barat,Kabupaten Kuningan,no
Jawa Barat,Kabupaten Kuningan,no
Jawa Barat,Kabupaten Kuningan,no
Jawa Barat,Kabupaten Kuningan,no
Jawa Barat,Kabupaten Kuningan,no
Jawa Barat,Kabupaten Kuningan,no
Jawa Barat,Kabupaten Subang,tahun
Jawa Barat,Kabupaten Subang,jumlah penduduk
Jawa Barat,Kabupaten Subang,tahun
Jawa Barat,Kabupaten Subang,jumlah penduduk
Jawa Barat,Kota Bandung,bulan
Jawa Barat,Kota Bandung,jan
Jawa Barat,Kota Bandung,feb
Jawa Barat,Kota Bandung,mar
Jawa Barat,Kota Bandung,apr
Jawa Barat,Kota Bandung,mei
Jawa Barat,Kota Bandung,jun
Jawa Barat,Kota Bandung,jul
Jawa Barat,Kota Bandung,agt
Jawa Barat,Kota Bandung,sep
Jawa Barat,Kota Bandung,okt
Jawa Barat,Kota Bandung,nov
Jawa Barat,Kota Bandung,des
Jawa Barat,Kota Bandung,tahun
Jawa Barat,Kota Bandung,bulan
Jawa Barat,Kota Bandung,jan
Jawa Barat,Kota Bandung,feb
Jawa Barat,Kota Bandung,mar
Jawa Barat,Kota Bandung,apr
Jawa Barat,Kota Bandung,mei
Jawa Barat,Kota Bandung,jun
Jawa Barat,Kota Bandung,jul
Jawa Barat,Kota Bandung,agt
Jawa Barat,Kota Bandung,sep
Jawa Barat,Kota Bandung,okt
Jawa Barat,Kota Bandung,nov
Jawa Barat,Kota Bandung,des
Jawa Barat,Kota Bandung,tahun
Jawa Barat,Kota Bandung,bulan
Jawa Barat,Kota Bandung,jan
Jawa Barat,Kota Bandung,feb
Jawa Barat,Kota Bandung,mar
Jawa Barat,Kota Bandung,apr
Jawa Barat,Kota Bandung,mei
Jawa Barat,Kota Bandung,jun
Jawa Barat,Kota Bandung,jul
Jawa Barat,Kota Bandung,agt
Jawa Barat,Kota Bandung,sep
Jawa Barat,Kota Bandung,okt
Jawa Barat,Kota Bandung,nov
Jawa Barat,Kota Bandung,des
Jawa Barat,Kota Bandung,tahun
Jawa Barat,Kota Bandung,bulan
Jawa Barat,Kota Bandung,jan
Jawa Barat,Kota Bandung,feb
Jawa Barat,Kota Bandung,mar
Jawa Barat,Kota Bandung,apr
Jawa Barat,Kota Bandung,mei
Jawa Barat,Kota Bandung,jun
Jawa Barat,Kota Bandung,jul
Jawa Barat,Kota Bandung,agt
Jawa Barat,Kota Bandung,sep
Jawa Barat,Kota Bandung,okt
Jawa Barat,Kota Bandung,nov
Jawa Barat,Kota Bandung,des
Jawa Barat,Kota Bandung,tahun
Jawa Barat,Kota Bandung,bulan
Jawa Barat,Kota Bandung,jan
Jawa Barat,Kota Bandung,feb
Jawa Barat,Kota Bandung,mar
Jawa Barat,Kota Bandung,apr
Jawa Barat,Kota Bandung,mei
Jawa Barat,Kota Bandung,jun
Jawa Barat,Kota Bandung,jul
Jawa Barat,Kota Bandung,agt
Jawa Barat,Kota Bandung,sep
Jawa Barat,Kota Bandung,okt
Jawa Barat,Kota Bandung,nov
Jawa Barat,Kota Bandung,des
Jawa Barat,Kota Bandung,tahun
Jawa Barat,Kota Bandung,bulan
Jawa Barat,Kota Bandung,jan
Jawa Barat,Kota Bandung,feb
Jawa Barat,Kota Bandung,mar
Jawa Barat,Kota Bandung,apr
Jawa Barat,Kota Bandung,mei
Jawa Barat,Kota Bandung,jun
Jawa Barat,Kota Bandung,jul
Jawa Barat,Kota Bandung,agt
Jawa Barat,Kota Bandung,sep
Jawa Barat,Kota Bandung,okt
Jawa Barat,Kota Bandung,nov
Jawa Barat,Kota Bandung,des
Jawa Barat,Kota Bandung,tahun
Jawa Barat,Kota Bandung,bulan
Jawa Barat,Kota Bandung,jan
Jawa Barat,Kota Bandung,feb
Jawa Barat,Kota Bandung,mar
Jawa Barat,Kota Bandung,apr
Jawa Barat,Kota Bandung,mei
Jawa Barat,Kota Bandung,jun
Jawa Barat,Kota Bandung,jul
Jawa Barat,Kota Bandung,agt
Jawa Barat,Kota Bandung,sep
Jawa Barat,Kota Bandung,okt
Jawa Barat,Kota Bandung,nov
Jawa Barat,Kota Bandung,des
Jawa Barat,Kota Bandung,tahun
Jawa Barat,Kota Bandung,bulan
Jawa Barat,Kota Bandung,jan
Jawa Barat,Kota Bandung,feb
Jawa Barat,Kota Bandung,mar
Jawa Barat,Kota Bandung,apr
Jawa Barat,Kota Bandung,mei
Jawa Barat,Kota Bandung,jun
Jawa Barat,Kota Bandung,jul
Jawa Barat,Kota Bandung,agt
Jawa Barat,Kota Bandung,sep
Jawa Barat,Kota Bandung,okt
Jawa Barat,Kota Bandung,nov
Jawa Barat,Kota Bandung,des
Jawa Barat,Kota Bandung,tahun
Jawa Barat,Kota Bandung,bulan
Jawa Barat,Kota Bandung,jan
Jawa Barat,Kota Bandung,feb
Jawa Barat,Kota Bandung,mar
Jawa Barat,Kota Bandung,apr
Jawa Barat,Kota Bandung,mei
Jawa Barat,Kota Bandung,jun
Jawa Barat,Kota Bandung,jul
Jawa Barat,Kota Bandung,agt
Jawa Barat,Kota Bandung,sep
Jawa Barat,Kota Bandung,okt
Jawa Barat,Kota Bandung,nov
Jawa Barat,Kota Bandung,des
Jawa Barat,Kota Bandung,tahun
Jawa Barat,Kota Bandung,bulan
Jawa Barat,Kota Bandung,jan
Jawa Barat,Kota Bandung,feb
Jawa Barat,Kota Bandung,mar
Jawa Barat,Kota Bandung,apr
Jawa Barat,Kota Bandung,mei
Jawa Barat,Kota Bandung,jun
Jawa Barat,Kota Bandung,jul
Jawa Barat,Kota Bandung,agt
Jawa Barat,Kota Bandung,sep
Jawa Barat,Kota Bandung,okt
Jawa Barat,Kota Bandung,nov
Jawa Barat,Kota Bandung,des
Jawa Barat,Kota Bandung,tahun
Jawa Barat,Kota Banjar,partai
Jawa Barat,Kota Banjar,kursi
Jawa Barat,Kota Banjar,total
Jawa Barat,Kota Bekasi,tahun
Jawa Barat,Kota Bekasi,jumlah penduduk
Jawa Barat,Kota Bekasi,tahun
Jawa Barat,Kota Bekasi,jumlah penduduk
Jawa Barat,Kota Bekasi,tahun
Jawa Barat,Kota Bekasi,jumlah penduduk
Jawa Barat,Kota Cimahi,no
Jawa Barat,Kota Cimahi,wali kota
Jawa Barat,Kota Cimahi,mulai jabatan
Jawa Barat,Kota Cimahi,akhir jabatan
Jawa Barat,Kota Cimahi,wakil wali kota
Jawa Barat,Kota Cimahi,no
Jawa Barat,Kota Cimahi,wali kota
Jawa Barat,Kota Cimahi,mulai jabatan
Jawa Barat,Kota Cimahi,akhir jabatan
Jawa Barat,Kota Cimahi,wakil wali kota
Jawa Barat,Kota Cimahi,no
Jawa Barat,Kota Cimahi,wali kota
Jawa Barat,Kota Cimahi,mulai jabatan
Jawa Barat,Kota Cimahi,akhir jabatan
Jawa Barat,Kota Cimahi,wakil wali kota
Jawa Barat,Kota Cirebon,bulan
Jawa Barat,Kota Cirebon,jan
Jawa Barat,Kota Cirebon,feb
Jawa Barat,Kota Cirebon,mar
Jawa Barat,Kota Cirebon,apr
Jawa Barat,Kota Cirebon,mei
Jawa Barat,Kota Cirebon,jun
Jawa Barat,Kota Cirebon,jul
Jawa Barat,Kota Cirebon,agt
Jawa Barat,Kota Cirebon,sep
Jawa Barat,Kota Cirebon,okt
Jawa Barat,Kota Cirebon,nov
Jawa Barat,Kota Cirebon,des
Jawa Barat,Kota Cirebon,tahun
Jawa Barat,Kota Cirebon,bulan
Jawa Barat,Kota Cirebon,jan
Jawa Barat,Kota Cirebon,feb
Jawa Barat,Kota Cirebon,mar
Jawa Barat,Kota Cirebon,apr
Jawa Barat,Kota Cirebon,mei
Jawa Barat,Kota Cirebon,jun
Jawa Barat,Kota Cirebon,jul
Jawa Barat,Kota Cirebon,agt
Jawa Barat,Kota Cirebon,sep
Jawa Barat,Kota Cirebon,okt
Jawa Barat,Kota Cirebon,nov
Jawa Barat,Kota Cirebon,des
Jawa Barat,Kota Cirebon,tahun
Jawa Barat,Kota Cirebon,bulan
Jawa Barat,Kota Cirebon,jan
Jawa Barat,Kota Cirebon,feb
Jawa Barat,Kota Cirebon,mar
Jawa Barat,Kota Cirebon,apr
Jawa Barat,Kota Cirebon,mei
Jawa Barat,Kota Cirebon,jun
Jawa Barat,Kota Cirebon,jul
Jawa Barat,Kota Cirebon,agt
Jawa Barat,Kota Cirebon,sep
Jawa Barat,Kota Cirebon,okt
Jawa Barat,Kota Cirebon,nov
Jawa Barat,Kota Cirebon,des
Jawa Barat,Kota Cirebon,tahun
Jawa Barat,Kota Sukabumi,no
Jawa Barat,Kota Sukabumi,nama pemerintahan
Jawa Barat,Kota Sukabumi,keterangan
Jawa Barat,Kota Sukabumi,no
Jawa Barat,Kota Sukabumi,nama pemerintahan
Jawa Barat,Kota Sukabumi,keterangan
Jawa Barat,Kota Sukabumi,no
Jawa Barat,Kota Sukabumi,nama pemerintahan
Jawa Barat,Kota Sukabumi,keterangan
Jakarta,Daerah Khusus Ibukota Jakarta,etnis
Jakarta,Daerah Khusus Ibukota Jakarta,etnis
Jakarta,Daerah Khusus Ibukota Jakarta,etnis
Jakarta,Daerah Khusus Ibukota Jakarta,etnis
Jakarta,Daerah Khusus Ibukota Jakarta,etnis
Jakarta,Daerah Khusus Ibukota Jakarta,etnis
Jakarta,Daerah Khusus Ibukota Jakarta,etnis
Jakarta,Daerah Khusus Ibukota Jakarta,etnis
Jakarta,Jakarta Timur,matraman
Jakarta,Jakarta Timur,kode pos
Jakarta,Jakarta Timur,pulo gadung
Jakarta,Jakarta Timur,kode pos
Jakarta,Jakarta Timur,jatinegara
Jakarta,Jakarta Timur,kode pos
Jakarta,Jakarta Timur,duren sawit
Jakarta,Jakarta Timur,kode pos
Jakarta,Jakarta Timur,kramat jati
Jakarta,Jakarta Timur,kode pos
Jakarta,Jakarta Timur,matraman
Jakarta,Jakarta Timur,kode pos
Jakarta,Jakarta Timur,pulo gadung
Jakarta,Jakarta Timur,kode pos
Jakarta,Jakarta Timur,jatinegara
Jakarta,Jakarta Timur,kode pos
Jakarta,Jakarta Timur,duren sawit
Jakarta,Jakarta Timur,kode pos
Jakarta,Jakarta Timur,kramat jati
Jakarta,Jakarta Timur,kode pos
Jawa Tengah,Kabupaten Banjarnegara,pendidikan formal
Jawa Tengah,Kabupaten Banjarnegara,tk atau ra
Jawa Tengah,Kabupaten Banjarnegara,sd atau mi
Jawa Tengah,Kabupaten Banjarnegara,smp atau mts
Jawa Tengah,Kabupaten Banjarnegara,sma atau ma
Jawa Tengah,Kabupaten Banjarnegara,smk
Jawa Tengah,Kabupaten Banjarnegara,perguruan tinggi
Jawa Tengah,Kabupaten Banjarnegara,lainnya
Jawa Tengah,Kabupaten Banjarnegara,negeri
Jawa Tengah,Kabupaten Banjarnegara,swasta
Jawa Tengah,Kabupaten Banjarnegara,total
Jawa Tengah,Kabupaten Blora,kecamatan
Jawa Tengah,Kabupaten Blora,kecamatan
Jawa Tengah,Kabupaten Blora,kecamatan
Jawa Tengah,Kabupaten Blora,kecamatan
Jawa Tengah,Kabupaten Blora,kecamatan
Jawa Tengah,Kabupaten Boyolali,pendidikan formal
Jawa Tengah,Kabupaten Boyolali,tk atau ra
Jawa Tengah,Kabupaten Boyolali,sd atau mi
Jawa Tengah,Kabupaten Boyolali,smp atau mts
Jawa Tengah,Kabupaten Boyolali,sma atau ma
Jawa Tengah,Kabupaten Boyolali,smk
Jawa Tengah,Kabupaten Boyolali,perguruan tinggi
Jawa Tengah,Kabupaten Boyolali,lainnya
Jawa Tengah,Kabupaten Boyolali,negeri
Jawa Tengah,Kabupaten Boyolali,swasta
Jawa Tengah,Kabupaten Boyolali,total
Jawa Tengah,Kabupaten Brebes,partai
Jawa Tengah,Kabupaten Brebes,kursi
Jawa Tengah,Kabupaten Brebes,total
Jawa Tengah,Kabupaten Cilacap,partai
Jawa Tengah,Kabupaten Cilacap,kursi
Jawa Tengah,Kabupaten Cilacap,total
Jawa Tengah,Kabupaten Jepara,partai
Jawa Tengah,Kabupaten Jepara,kursi
Jawa Tengah,Kabupaten Jepara,total
Jawa Tengah,Kabupaten Jepara,partai
Jawa Tengah,Kabupaten Jepara,kursi
Jawa Tengah,Kabupaten Jepara,total
Jawa Tengah,Kabupaten Jepara,partai
Jawa Tengah,Kabupaten Jepara,kursi
Jawa Tengah,Kabupaten Jepara,total
Jawa Tengah,Kabupaten Jepara,partai
Jawa Tengah,Kabupaten Jepara,kursi
Jawa Tengah,Kabupaten Jepara,total
Jawa Tengah,Kabupaten Jepara,partai
Jawa Tengah,Kabupaten Jepara,kursi
Jawa Tengah,Kabupaten Jepara,total
Jawa Tengah,Kabupaten Karanganyar,partai
Jawa Tengah,Kabupaten Karanganyar,kursi
Jawa Tengah,Kabupaten Karanganyar,total
Jawa Tengah,Kabupaten Klaten,nama kecamatan
Jawa Tengah,Kabupaten Klaten,jumlah penduduk
Jawa Tengah,Kabupaten Klaten,jumlah kelurahan
Jawa Tengah,Kabupaten Klaten,jumlah desa
Jawa Tengah,Kabupaten Klaten,nama kecamatan
Jawa Tengah,Kabupaten Klaten,jumlah penduduk
Jawa Tengah,Kabupaten Klaten,jumlah kelurahan
Jawa Tengah,Kabupaten Klaten,jumlah desa
Jawa Tengah,Kabupaten Klaten,nama kecamatan
Jawa Tengah,Kabupaten Klaten,jumlah penduduk
Jawa Tengah,Kabupaten Klaten,jumlah kelurahan
Jawa Tengah,Kabupaten Klaten,jumlah desa
Jawa Tengah,Kabupaten Klaten,nama kecamatan
Jawa Tengah,Kabupaten Klaten,jumlah penduduk
Jawa Tengah,Kabupaten Klaten,jumlah kelurahan
Jawa Tengah,Kabupaten Klaten,jumlah desa
Jawa Tengah,Kabupaten Kudus,partai
Jawa Tengah,Kabupaten Kudus,kursi
Jawa Tengah,Kabupaten Kudus,total
Jawa Tengah,Kabupaten Kudus,partai
Jawa Tengah,Kabupaten Kudus,kursi
Jawa Tengah,Kabupaten Kudus,total
Jawa Tengah,Kabupaten Magelang,nama sekolah
Jawa Tengah,Kabupaten Magelang,alamat
Jawa Tengah,Kabupaten Magelang,status
Jawa Tengah,Kabupaten Magelang,nama sekolah
Jawa Tengah,Kabupaten Magelang,alamat
Jawa Tengah,Kabupaten Magelang,status
Jawa Tengah,Kabupaten Magelang,nama sekolah
Jawa Tengah,Kabupaten Magelang,alamat
Jawa Tengah,Kabupaten Magelang,status
Jawa Tengah,Kabupaten Purbalingga,pendidikan formal
Jawa Tengah,Kabupaten Purbalingga,tk atau ra
Jawa Tengah,Kabupaten Purbalingga,sd atau mi
Jawa Tengah,Kabupaten Purbalingga,smp atau mts
Jawa Tengah,Kabupaten Purbalingga,sma atau ma
Jawa Tengah,Kabupaten Purbalingga,smk
Jawa Tengah,Kabupaten Purbalingga,perguruan tinggi
Jawa Tengah,Kabupaten Purbalingga,lainnya
Jawa Tengah,Kabupaten Purbalingga,negeri
Jawa Tengah,Kabupaten Purbalingga,swasta
Jawa Tengah,Kabupaten Purbalingga,total
Jawa Tengah,Kabupaten Semarang,bupati
Jawa Tengah,Kabupaten Semarang,periode
Jawa Tengah,Kabupaten Semarang,bupati
Jawa Tengah,Kabupaten Semarang,periode
Jawa Tengah,Kabupaten Sukoharjo,no
Jawa Tengah,Kabupaten Sukoharjo,partai
Jawa Tengah,Kabupaten Sukoharjo,jumlah kursi
Jawa Tengah,Kabupaten Wonogiri,no
Jawa Tengah,Kabupaten Wonogiri,partai
Jawa Tengah,Kabupaten Wonogiri,jumlah
Jawa Tengah,Kota Magelang,data iklim magelang
Jawa Tengah,Kota Magelang,bulan
Jawa Tengah,Kota Magelang,jan
Jawa Tengah,Kota Magelang,feb
Jawa Tengah,Kota Magelang,mar
Jawa Tengah,Kota Magelang,apr
Jawa Tengah,Kota Magelang,mei
Jawa Tengah,Kota Magelang,jun
Jawa Tengah,Kota Magelang,jul
Jawa Tengah,Kota Magelang,agt
Jawa Tengah,Kota Magelang,sep
Jawa Tengah,Kota Magelang,okt
Jawa Tengah,Kota Magelang,nov
Jawa Tengah,Kota Magelang,des
Jawa Tengah,Kota Magelang,tahun
Jawa Tengah,Kota Magelang,data iklim magelang
Jawa Tengah,Kota Magelang,bulan
Jawa Tengah,Kota Magelang,jan
Jawa Tengah,Kota Magelang,feb
Jawa Tengah,Kota Magelang,mar
Jawa Tengah,Kota Magelang,apr
Jawa Tengah,Kota Magelang,mei
Jawa Tengah,Kota Magelang,jun
Jawa Tengah,Kota Magelang,jul
Jawa Tengah,Kota Magelang,agt
Jawa Tengah,Kota Magelang,sep
Jawa Tengah,Kota Magelang,okt
Jawa Tengah,Kota Magelang,nov
Jawa Tengah,Kota Magelang,des
Jawa Tengah,Kota Magelang,tahun
Jawa Tengah,Kota Salatiga,kecamatan
Jawa Tengah,Kota Salatiga,populasi
Jawa Tengah,Kota Salatiga,kecamatan
Jawa Tengah,Kota Salatiga,populasi
Jawa Tengah,Kota Semarang,data iklim semarang
Jawa Tengah,Kota Semarang,bulan
Jawa Tengah,Kota Semarang,jan
Jawa Tengah,Kota Semarang,feb
Jawa Tengah,Kota Semarang,mar
Jawa Tengah,Kota Semarang,apr
Jawa Tengah,Kota Semarang,mei
Jawa Tengah,Kota Semarang,jun
Jawa Tengah,Kota Semarang,jul
Jawa Tengah,Kota Semarang,agt
Jawa Tengah,Kota Semarang,sep
Jawa Tengah,Kota Semarang,okt
Jawa Tengah,Kota Semarang,nov
Jawa Tengah,Kota Semarang,des
Jawa Tengah,Kota Semarang,tahun
Jawa Tengah,Kota Semarang,data iklim semarang
Jawa Tengah,Kota Semarang,bulan
Jawa Tengah,Kota Semarang,jan
Jawa Tengah,Kota Semarang,feb
Jawa Tengah,Kota Semarang,mar
Jawa Tengah,Kota Semarang,apr
Jawa Tengah,Kota Semarang,mei
Jawa Tengah,Kota Semarang,jun
Jawa Tengah,Kota Semarang,jul
Jawa Tengah,Kota Semarang,agt
Jawa Tengah,Kota Semarang,sep
Jawa Tengah,Kota Semarang,okt
Jawa Tengah,Kota Semarang,nov
Jawa Tengah,Kota Semarang,des
Jawa Tengah,Kota Semarang,tahun
Jawa Tengah,Kota Semarang,data iklim semarang
Jawa Tengah,Kota Semarang,bulan
Jawa Tengah,Kota Semarang,jan
Jawa Tengah,Kota Semarang,feb
Jawa Tengah,Kota Semarang,mar
Jawa Tengah,Kota Semarang,apr
Jawa Tengah,Kota Semarang,mei
Jawa Tengah,Kota Semarang,jun
Jawa Tengah,Kota Semarang,jul
Jawa Tengah,Kota Semarang,agt
Jawa Tengah,Kota Semarang,sep
Jawa Tengah,Kota Semarang,okt
Jawa Tengah,Kota Semarang,nov
Jawa Tengah,Kota Semarang,des
Jawa Tengah,Kota Semarang,tahun
Jawa Tengah,Kota Semarang,data iklim semarang
Jawa Tengah,Kota Semarang,bulan
Jawa Tengah,Kota Semarang,jan
Jawa Tengah,Kota Semarang,feb
Jawa Tengah,Kota Semarang,mar
Jawa Tengah,Kota Semarang,apr
Jawa Tengah,Kota Semarang,mei
Jawa Tengah,Kota Semarang,jun
Jawa Tengah,Kota Semarang,jul
Jawa Tengah,Kota Semarang,agt
Jawa Tengah,Kota Semarang,sep
Jawa Tengah,Kota Semarang,okt
Jawa Tengah,Kota Semarang,nov
Jawa Tengah,Kota Semarang,des
Jawa Tengah,Kota Semarang,tahun
Jawa Tengah,Kota Semarang,data iklim semarang
Jawa Tengah,Kota Semarang,bulan
Jawa Tengah,Kota Semarang,jan
Jawa Tengah,Kota Semarang,feb
Jawa Tengah,Kota Semarang,mar
Jawa Tengah,Kota Semarang,apr
Jawa Tengah,Kota Semarang,mei
Jawa Tengah,Kota Semarang,jun
Jawa Tengah,Kota Semarang,jul
Jawa Tengah,Kota Semarang,agt
Jawa Tengah,Kota Semarang,sep
Jawa Tengah,Kota Semarang,okt
Jawa Tengah,Kota Semarang,nov
Jawa Tengah,Kota Semarang,des
Jawa Tengah,Kota Semarang,tahun
Jawa Tengah,Kota Semarang,data iklim semarang
Jawa Tengah,Kota Semarang,bulan
Jawa Tengah,Kota Semarang,jan
Jawa Tengah,Kota Semarang,feb
Jawa Tengah,Kota Semarang,mar
Jawa Tengah,Kota Semarang,apr
Jawa Tengah,Kota Semarang,mei
Jawa Tengah,Kota Semarang,jun
Jawa Tengah,Kota Semarang,jul
Jawa Tengah,Kota Semarang,agt
Jawa Tengah,Kota Semarang,sep
Jawa Tengah,Kota Semarang,okt
Jawa Tengah,Kota Semarang,nov
Jawa Tengah,Kota Semarang,des
Jawa Tengah,Kota Semarang,tahun
Jawa Tengah,Kota Surakarta,data iklim surakarta
Jawa Tengah,Kota Surakarta,bulan
Jawa Tengah,Kota Surakarta,jan
Jawa Tengah,Kota Surakarta,feb
Jawa Tengah,Kota Surakarta,mar
Jawa Tengah,Kota Surakarta,apr
Jawa Tengah,Kota Surakarta,mei
Jawa Tengah,Kota Surakarta,jun
Jawa Tengah,Kota Surakarta,jul
Jawa Tengah,Kota Surakarta,agt
Jawa Tengah,Kota Surakarta,sep
Jawa Tengah,Kota Surakarta,okt
Jawa Tengah,Kota Surakarta,nov
Jawa Tengah,Kota Surakarta,des
Jawa Tengah,Kota Surakarta,tahun
Jawa Tengah,Kota Surakarta,data iklim surakarta
Jawa Tengah,Kota Surakarta,bulan
Jawa Tengah,Kota Surakarta,jan
Jawa Tengah,Kota Surakarta,feb
Jawa Tengah,Kota Surakarta,mar
Jawa Tengah,Kota Surakarta,apr
Jawa Tengah,Kota Surakarta,mei
Jawa Tengah,Kota Surakarta,jun
Jawa Tengah,Kota Surakarta,jul
Jawa Tengah,Kota Surakarta,agt
Jawa Tengah,Kota Surakarta,sep
Jawa Tengah,Kota Surakarta,okt
Jawa Tengah,Kota Surakarta,nov
Jawa Tengah,Kota Surakarta,des
Jawa Tengah,Kota Surakarta,tahun
Jawa Tengah,Kota Surakarta,data iklim surakarta
Jawa Tengah,Kota Surakarta,bulan
Jawa Tengah,Kota Surakarta,jan
Jawa Tengah,Kota Surakarta,feb
Jawa Tengah,Kota Surakarta,mar
Jawa Tengah,Kota Surakarta,apr
Jawa Tengah,Kota Surakarta,mei
Jawa Tengah,Kota Surakarta,jun
Jawa Tengah,Kota Surakarta,jul
Jawa Tengah,Kota Surakarta,agt
Jawa Tengah,Kota Surakarta,sep
Jawa Tengah,Kota Surakarta,okt
Jawa Tengah,Kota Surakarta,nov
Jawa Tengah,Kota Surakarta,des
Jawa Tengah,Kota Surakarta,tahun
Jawa Tengah,Kota Tegal,nama partai
Jawa Tengah,Kota Tegal,jumlah kursi
Jawa Tengah,Kota Tegal,nama partai
Jawa Tengah,Kota Tegal,jumlah kursi
Jawa Tengah,Kota Tegal,nama partai
Jawa Tengah,Kota Tegal,jumlah kursi
Jawa Tengah,Kota Tegal,nama partai
Jawa Tengah,Kota Tegal,jumlah kursi
Yogyakarta,Kabupaten Bantul,data iklim bantul
Yogyakarta,Kabupaten Bantul,bulan
Yogyakarta,Kabupaten Bantul,jan
Yogyakarta,Kabupaten Bantul,feb
Yogyakarta,Kabupaten Bantul,mar
Yogyakarta,Kabupaten Bantul,apr
Yogyakarta,Kabupaten Bantul,mei
Yogyakarta,Kabupaten Bantul,jun
Yogyakarta,Kabupaten Bantul,jul
Yogyakarta,Kabupaten Bantul,agt
Yogyakarta,Kabupaten Bantul,sep
Yogyakarta,Kabupaten Bantul,okt
Yogyakarta,Kabupaten Bantul,nov
Yogyakarta,Kabupaten Bantul,des
Yogyakarta,Kabupaten Bantul,tahun
Yogyakarta,Kabupaten Bantul,data iklim bantul
Yogyakarta,Kabupaten Bantul,bulan
Yogyakarta,Kabupaten Bantul,jan
Yogyakarta,Kabupaten Bantul,feb
Yogyakarta,Kabupaten Bantul,mar
Yogyakarta,Kabupaten Bantul,apr
Yogyakarta,Kabupaten Bantul,mei
Yogyakarta,Kabupaten Bantul,jun
Yogyakarta,Kabupaten Bantul,jul
Yogyakarta,Kabupaten Bantul,agt
Yogyakarta,Kabupaten Bantul,sep
Yogyakarta,Kabupaten Bantul,okt
Yogyakarta,Kabupaten Bantul,nov
Yogyakarta,Kabupaten Bantul,des
Yogyakarta,Kabupaten Bantul,tahun
Yogyakarta,Kabupaten Bantul,data iklim bantul
Yogyakarta,Kabupaten Bantul,bulan
Yogyakarta,Kabupaten Bantul,jan
Yogyakarta,Kabupaten Bantul,feb
Yogyakarta,Kabupaten Bantul,mar
Yogyakarta,Kabupaten Bantul,apr
Yogyakarta,Kabupaten Bantul,mei
Yogyakarta,Kabupaten Bantul,jun
Yogyakarta,Kabupaten Bantul,jul
Yogyakarta,Kabupaten Bantul,agt
Yogyakarta,Kabupaten Bantul,sep
Yogyakarta,Kabupaten Bantul,okt
Yogyakarta,Kabupaten Bantul,nov
Yogyakarta,Kabupaten Bantul,des
Yogyakarta,Kabupaten Bantul,tahun
Yogyakarta,Kabupaten Bantul,data iklim bantul
Yogyakarta,Kabupaten Bantul,bulan
Yogyakarta,Kabupaten Bantul,jan
Yogyakarta,Kabupaten Bantul,feb
Yogyakarta,Kabupaten Bantul,mar
Yogyakarta,Kabupaten Bantul,apr
Yogyakarta,Kabupaten Bantul,mei
Yogyakarta,Kabupaten Bantul,jun
Yogyakarta,Kabupaten Bantul,jul
Yogyakarta,Kabupaten Bantul,agt
Yogyakarta,Kabupaten Bantul,sep
Yogyakarta,Kabupaten Bantul,okt
Yogyakarta,Kabupaten Bantul,nov
Yogyakarta,Kabupaten Bantul,des
Yogyakarta,Kabupaten Bantul,tahun
Yogyakarta,Kabupaten Sleman,partai
Yogyakarta,Kabupaten Sleman,kursi
Yogyakarta,Kabupaten Sleman,total
Jawa Timur,Kabupaten Banyuwangi,partai
Jawa Timur,Kabupaten Banyuwangi,kursi
Jawa Timur,Kabupaten Banyuwangi,total
Jawa Timur,Kabupaten Banyuwangi,partai
Jawa Timur,Kabupaten Banyuwangi,kursi
Jawa Timur,Kabupaten Banyuwangi,total
Jawa Timur,Kabupaten Banyuwangi,partai
Jawa Timur,Kabupaten Banyuwangi,kursi
Jawa Timur,Kabupaten Banyuwangi,total
Jawa Timur,Kabupaten Bojonegoro,tahun
Jawa Timur,Kabupaten Bojonegoro,nama
Jawa Timur,Kabupaten Bojonegoro,tahun
Jawa Timur,Kabupaten Bojonegoro,nama
Jawa Timur,Kabupaten Bojonegoro,tahun
Jawa Timur,Kabupaten Bojonegoro,nama
Jawa Timur,Kabupaten Bojonegoro,tahun
Jawa Timur,Kabupaten Bojonegoro,nama
Jawa Timur,Kabupaten Bondowoso,partai
Jawa Timur,Kabupaten Bondowoso,kursi
Jawa Timur,Kabupaten Bondowoso,total
Jawa Timur,Kabupaten Gresik,partai
Jawa Timur,Kabupaten Gresik,kursi
Jawa Timur,Kabupaten Gresik,total
Jawa Timur,Kabupaten Jember,partai
Jawa Timur,Kabupaten Jember,kursi
Jawa Timur,Kabupaten Jember,total
Jawa Timur,Kabupaten Jombang,partai
Jawa Timur,Kabupaten Jombang,kursi
Jawa Timur,Kabupaten Jombang,total
Jawa Timur,Kabupaten Kediri,partai
Jawa Timur,Kabupaten Kediri,kursi
Jawa Timur,Kabupaten Kediri,total
Jawa Timur,Kabupaten Lamongan,partai
Jawa Timur,Kabupaten Lamongan,kursi
Jawa Timur,Kabupaten Lamongan,total
Jawa Timur,Kabupaten Lumajang,partai
Jawa Timur,Kabupaten Lumajang,kursi
Jawa Timur,Kabupaten Lumajang,total
Jawa Timur,Kabupaten Madiun,partai
Jawa Timur,Kabupaten Madiun,kursi
Jawa Timur,Kabupaten Madiun,total
Jawa Timur,Kabupaten Magetan,partai
Jawa Timur,Kabupaten Magetan,kursi
Jawa Timur,Kabupaten Magetan,total
Jawa Timur,Kabupaten Malang,partai
Jawa Timur,Kabupaten Malang,kursi
Jawa Timur,Kabupaten Malang,total
Jawa Timur,Kabupaten Malang,partai
Jawa Timur,Kabupaten Malang,kursi
Jawa Timur,Kabupaten Malang,total
Jawa Timur,Kabupaten Nganjuk,partai
Jawa Timur,Kabupaten Nganjuk,kursi
Jawa Timur,Kabupaten Nganjuk,total
Jawa Timur,Kabupaten Ngawi,partai
Jawa Timur,Kabupaten Ngawi,kursi
Jawa Timur,Kabupaten Ngawi,total
Jawa Timur,Kabupaten Pacitan,partai
Jawa Timur,Kabupaten Pacitan,kursi
Jawa Timur,Kabupaten Pacitan,total
Jawa Timur,Kabupaten Pamekasan,partai
Jawa Timur,Kabupaten Pamekasan,kursi
Jawa Timur,Kabupaten Pamekasan,total
Jawa Timur,Kabupaten Pasuruan,partai
Jawa Timur,Kabupaten Pasuruan,kursi
Jawa Timur,Kabupaten Pasuruan,total
Jawa Timur,Kabupaten Ponorogo,foto
Jawa Timur,Kabupaten Ponorogo,nama
Jawa Timur,Kabupaten Ponorogo,dari
Jawa Timur,Kabupaten Ponorogo,sampai
Jawa Timur,Kabupaten Ponorogo,wakil bupati
Jawa Timur,Kabupaten Ponorogo,keterangan
Jawa Timur,Kabupaten Ponorogo,foto
Jawa Timur,Kabupaten Ponorogo,nama
Jawa Timur,Kabupaten Ponorogo,dari
Jawa Timur,Kabupaten Ponorogo,sampai
Jawa Timur,Kabupaten Ponorogo,wakil bupati
Jawa Timur,Kabupaten Ponorogo,keterangan
Jawa Timur,Kabupaten Ponorogo,foto
Jawa Timur,Kabupaten Ponorogo,nama
Jawa Timur,Kabupaten Ponorogo,dari
Jawa Timur,Kabupaten Ponorogo,sampai
Jawa Timur,Kabupaten Ponorogo,wakil bupati
Jawa Timur,Kabupaten Ponorogo,keterangan
Jawa Timur,Kabupaten Ponorogo,foto
Jawa Timur,Kabupaten Ponorogo,nama
Jawa Timur,Kabupaten Ponorogo,dari
Jawa Timur,Kabupaten Ponorogo,sampai
Jawa Timur,Kabupaten Ponorogo,wakil bupati
Jawa Timur,Kabupaten Ponorogo,keterangan
Jawa Timur,Kabupaten Ponorogo,foto
Jawa Timur,Kabupaten Ponorogo,nama
Jawa Timur,Kabupaten Ponorogo,dari
Jawa Timur,Kabupaten Ponorogo,sampai
Jawa Timur,Kabupaten Ponorogo,wakil bupati
Jawa Timur,Kabupaten Ponorogo,keterangan
Jawa Timur,Kabupaten Ponorogo,foto
Jawa Timur,Kabupaten Ponorogo,nama
Jawa Timur,Kabupaten Ponorogo,dari
Jawa Timur,Kabupaten Ponorogo,sampai
Jawa Timur,Kabupaten Ponorogo,wakil bupati
Jawa Timur,Kabupaten Ponorogo,keterangan
Jawa Timur,Kabupaten Ponorogo,foto
Jawa Timur,Kabupaten Ponorogo,nama
Jawa Timur,Kabupaten Ponorogo,dari
Jawa Timur,Kabupaten Ponorogo,sampai
Jawa Timur,Kabupaten Ponorogo,wakil bupati
Jawa Timur,Kabupaten Ponorogo,keterangan
Jawa Timur,Kabupaten Probolinggo,partai
Jawa Timur,Kabupaten Probolinggo,kursi
Jawa Timur,Kabupaten Probolinggo,total
Jawa Timur,Kabupaten Probolinggo,partai
Jawa Timur,Kabupaten Probolinggo,kursi
Jawa Timur,Kabupaten Probolinggo,total
Jawa Timur,Kabupaten Probolinggo,partai
Jawa Timur,Kabupaten Probolinggo,kursi
Jawa Timur,Kabupaten Probolinggo,total
Jawa Timur,Kabupaten Probolinggo,partai
Jawa Timur,Kabupaten Probolinggo,kursi
Jawa Timur,Kabupaten Probolinggo,total
Jawa Timur,Kabupaten Situbondo,partai
Jawa Timur,Kabupaten Situbondo,kursi
Jawa Timur,Kabupaten Situbondo,total
Jawa Timur,Kabupaten Sumenep,no
Jawa Timur,Kabupaten Sumenep,nama
Jawa Timur,Kabupaten Sumenep,karaton
Jawa Timur,Kabupaten Sumenep,tahun berkuasa
Jawa Timur,Kabupaten Sumenep,no
Jawa Timur,Kabupaten Sumenep,nama
Jawa Timur,Kabupaten Sumenep,karaton
Jawa Timur,Kabupaten Sumenep,tahun berkuasa
Jawa Timur,Kabupaten Sumenep,no
Jawa Timur,Kabupaten Sumenep,nama
Jawa Timur,Kabupaten Sumenep,karaton
Jawa Timur,Kabupaten Sumenep,tahun berkuasa
Jawa Timur,Kabupaten Sumenep,no
Jawa Timur,Kabupaten Sumenep,nama
Jawa Timur,Kabupaten Sumenep,karaton
Jawa Timur,Kabupaten Sumenep,tahun berkuasa
Jawa Timur,Kabupaten Trenggalek,partai
Jawa Timur,Kabupaten Trenggalek,kursi
Jawa Timur,Kabupaten Trenggalek,total
Jawa Timur,Kabupaten Tuban,no
Jawa Timur,Kabupaten Tuban,foto
Jawa Timur,Kabupaten Tuban,nama
Jawa Timur,Kabupaten Tuban,wakil
Jawa Timur,Kabupaten Tuban,mulai jabatan
Jawa Timur,Kabupaten Tuban,akhir jabatan
Jawa Timur,Kabupaten Tuban,keterangan
Jawa Timur,Kabupaten Tuban,no
Jawa Timur,Kabupaten Tuban,foto
Jawa Timur,Kabupaten Tuban,nama
Jawa Timur,Kabupaten Tuban,wakil
Jawa Timur,Kabupaten Tuban,mulai jabatan
Jawa Timur,Kabupaten Tuban,akhir jabatan
Jawa Timur,Kabupaten Tuban,keterangan
Jawa Timur,Kabupaten Tuban,no
Jawa Timur,Kabupaten Tuban,foto
Jawa Timur,Kabupaten Tuban,nama
Jawa Timur,Kabupaten Tuban,wakil
Jawa Timur,Kabupaten Tuban,mulai jabatan
Jawa Timur,Kabupaten Tuban,akhir jabatan
Jawa Timur,Kabupaten Tuban,keterangan
Jawa Timur,Kabupaten Tulungagung,partai
Jawa Timur,Kabupaten Tulungagung,kursi
Jawa Timur,Kabupaten Tulungagung,total
Jawa Timur,Kota Batu,partai
Jawa Timur,Kota Batu,kursi
Jawa Timur,Kota Batu,total
Jawa Timur,Kota Blitar,tahun
Jawa Timur,Kota Blitar,jumlah penduduk
Jawa Timur,Kota Blitar,tahun
Jawa Timur,Kota Blitar,jumlah penduduk
Jawa Timur,Kota Kediri,partai
Jawa Timur,Kota Kediri,kursi
Jawa Timur,Kota Kediri,total
Jawa Timur,Kota Madiun,partai
Jawa Timur,Kota Madiun,kursi
Jawa Timur,Kota Madiun,total
Jawa Timur,Kota Malang,data iklim kota malang
Jawa Timur,Kota Malang,bulan
Jawa Timur,Kota Malang,jan
Jawa Timur,Kota Malang,feb
Jawa Timur,Kota Malang,mar
Jawa Timur,Kota Malang,apr
Jawa Timur,Kota Malang,mei
Jawa Timur,Kota Malang,jun
Jawa Timur,Kota Malang,jul
Jawa Timur,Kota Malang,agt
Jawa Timur,Kota Malang,sep
Jawa Timur,Kota Malang,okt
Jawa Timur,Kota Malang,nov
Jawa Timur,Kota Malang,des
Jawa Timur,Kota Malang,tahun
Jawa Timur,Kota Malang,presipitasi mm
Jawa Timur,Kota Malang,presipitasi inci
Jawa Timur,Kota Mojokerto,partai
Jawa Timur,Kota Mojokerto,kursi
Jawa Timur,Kota Mojokerto,total
Jawa Timur,Kota Pasuruan,partai
Jawa Timur,Kota Pasuruan,kursi
Jawa Timur,Kota Pasuruan,total
Jawa Timur,Kota Probolinggo,partai
Jawa Timur,Kota Probolinggo,kursi
Jawa Timur,Kota Probolinggo,total
Bali,Kabupaten Jembrana,kecamatan
Bali,Kabupaten Jembrana,kecamatan
Bali,Kabupaten Tabanan,kecamatan
Bali,Kabupaten Tabanan,luas wilayah
Bali,Kota Denpasar,wali kota denpasar
Bali,Kota Denpasar,nama
Bali,Kota Denpasar,periode
Bali,Kota Denpasar,wali kota denpasar
Bali,Kota Denpasar,nama
Bali,Kota Denpasar,periode
Bali,Kota Denpasar,wali kota denpasar
Bali,Kota Denpasar,nama
Bali,Kota Denpasar,periode
Bali,Kota Denpasar,wali kota denpasar
Bali,Kota Denpasar,nama
Bali,Kota Denpasar,periode
Bali,Kota Denpasar,wali kota denpasar
Bali,Kota Denpasar,nama
Bali,Kota Denpasar,periode
Bali,Kota Denpasar,wali kota denpasar
Bali,Kota Denpasar,nama
Bali,Kota Denpasar,periode
Bali,Kota Denpasar,wali kota denpasar
Bali,Kota Denpasar,nama
Bali,Kota Denpasar,periode
Bali,Kota Denpasar,wali kota denpasar
Bali,Kota Denpasar,nama
Bali,Kota Denpasar,periode
Bali,Kota Denpasar,wali kota denpasar
Bali,Kota Denpasar,nama
Bali,Kota Denpasar,periode
Bali,Kota Denpasar,wali kota denpasar
Bali,Kota Denpasar,nama
Bali,Kota Denpasar,periode
Bali,Kota Denpasar,wali kota denpasar
Bali,Kota Denpasar,nama
Bali,Kota Denpasar,periode
Bali,Kota Denpasar,wali kota denpasar
Bali,Kota Denpasar,nama
Bali,Kota Denpasar,periode
Nusa Tenggara Barat,Kota Mataram,partai
Nusa Tenggara Barat,Kota Mataram,kursi
Nusa Tenggara Barat,Kota Mataram,total
Nusa Tenggara Barat,Kota Mataram,partai
Nusa Tenggara Barat,Kota Mataram,kursi
Nusa Tenggara Barat,Kota Mataram,total
Nusa Tenggara Timur,Kabupaten Manggarai Timur,nama bupati
Nusa Tenggara Timur,Kabupaten Manggarai Timur,wakil bupati
Nusa Tenggara Timur,Kabupaten Manggarai Timur,periode kepimpinan
Nusa Tenggara Timur,Kabupaten Manggarai Timur,nama bupati
Nusa Tenggara Timur,Kabupaten Manggarai Timur,wakil bupati
Nusa Tenggara Timur,Kabupaten Manggarai Timur,periode kepimpinan
Nusa Tenggara Timur,Kabupaten Manggarai Timur,nama bupati
Nusa Tenggara Timur,Kabupaten Manggarai Timur,wakil bupati
Nusa Tenggara Timur,Kabupaten Manggarai Timur,periode kepimpinan
Nusa Tenggara Timur,Kota Kupang,bulan
Nusa Tenggara Timur,Kota Kupang,jan
Nusa Tenggara Timur,Kota Kupang,feb
Nusa Tenggara Timur,Kota Kupang,mar
Nusa Tenggara Timur,Kota Kupang,apr
Nusa Tenggara Timur,Kota Kupang,mei
Nusa Tenggara Timur,Kota Kupang,jun
Nusa Tenggara Timur,Kota Kupang,jul
Nusa Tenggara Timur,Kota Kupang,agt
Nusa Tenggara Timur,Kota Kupang,sep
Nusa Tenggara Timur,Kota Kupang,okt
Nusa Tenggara Timur,Kota Kupang,nov
Nusa Tenggara Timur,Kota Kupang,des
Nusa Tenggara Timur,Kota Kupang,tahun
Kalimantan Barat,Kota Pontianak,data iklim pontianak
Kalimantan Barat,Kota Pontianak,bulan
Kalimantan Barat,Kota Pontianak,jan
Kalimantan Barat,Kota Pontianak,feb
Kalimantan Barat,Kota Pontianak,mar
Kalimantan Barat,Kota Pontianak,apr
Kalimantan Barat,Kota Pontianak,mei
Kalimantan Barat,Kota Pontianak,jun
Kalimantan Barat,Kota Pontianak,jul
Kalimantan Barat,Kota Pontianak,agt
Kalimantan Barat,Kota Pontianak,sep
Kalimantan Barat,Kota Pontianak,okt
Kalimantan Barat,Kota Pontianak,nov
Kalimantan Barat,Kota Pontianak,des
Kalimantan Barat,Kota Pontianak,tahun
Kalimantan Barat,Kota Pontianak,data iklim pontianak
Kalimantan Barat,Kota Pontianak,bulan
Kalimantan Barat,Kota Pontianak,jan
Kalimantan Barat,Kota Pontianak,feb
Kalimantan Barat,Kota Pontianak,mar
Kalimantan Barat,Kota Pontianak,apr
Kalimantan Barat,Kota Pontianak,mei
Kalimantan Barat,Kota Pontianak,jun
Kalimantan Barat,Kota Pontianak,jul
Kalimantan Barat,Kota Pontianak,agt
Kalimantan Barat,Kota Pontianak,sep
Kalimantan Barat,Kota Pontianak,okt
Kalimantan Barat,Kota Pontianak,nov
Kalimantan Barat,Kota Pontianak,des
Kalimantan Barat,Kota Pontianak,tahun
Kalimantan Barat,Kota Pontianak,data iklim pontianak
Kalimantan Barat,Kota Pontianak,bulan
Kalimantan Barat,Kota Pontianak,jan
Kalimantan Barat,Kota Pontianak,feb
Kalimantan Barat,Kota Pontianak,mar
Kalimantan Barat,Kota Pontianak,apr
Kalimantan Barat,Kota Pontianak,mei
Kalimantan Barat,Kota Pontianak,jun
Kalimantan Barat,Kota Pontianak,jul
Kalimantan Barat,Kota Pontianak,agt
Kalimantan Barat,Kota Pontianak,sep
Kalimantan Barat,Kota Pontianak,okt
Kalimantan Barat,Kota Pontianak,nov
Kalimantan Barat,Kota Pontianak,des
Kalimantan Barat,Kota Pontianak,tahun
Kalimantan Selatan,Kabupaten Barito Kuala,no
Kalimantan Selatan,Kabupaten Barito Kuala,nama
Kalimantan Selatan,Kabupaten Barito Kuala,masa jabatan
Kalimantan Selatan,Kabupaten Barito Kuala,keterangan
Kalimantan Selatan,Kabupaten Barito Kuala,no
Kalimantan Selatan,Kabupaten Barito Kuala,nama
Kalimantan Selatan,Kabupaten Barito Kuala,masa jabatan
Kalimantan Selatan,Kabupaten Barito Kuala,keterangan
Kalimantan Selatan,Kabupaten Barito Kuala,no
Kalimantan Selatan,Kabupaten Barito Kuala,nama
Kalimantan Selatan,Kabupaten Barito Kuala,masa jabatan
Kalimantan Selatan,Kabupaten Barito Kuala,keterangan
Kalimantan Selatan,Kota Banjarmasin,data iklim banjarmasin
Kalimantan Selatan,Kota Banjarmasin,bulan
Kalimantan Selatan,Kota Banjarmasin,jan
Kalimantan Selatan,Kota Banjarmasin,feb
Kalimantan Selatan,Kota Banjarmasin,mar
Kalimantan Selatan,Kota Banjarmasin,apr
Kalimantan Selatan,Kota Banjarmasin,mei
Kalimantan Selatan,Kota Banjarmasin,jun
Kalimantan Selatan,Kota Banjarmasin,jul
Kalimantan Selatan,Kota Banjarmasin,agt
Kalimantan Selatan,Kota Banjarmasin,sep
Kalimantan Selatan,Kota Banjarmasin,okt
Kalimantan Selatan,Kota Banjarmasin,nov
Kalimantan Selatan,Kota Banjarmasin,des
Kalimantan Selatan,Kota Banjarmasin,tahun
Kalimantan Selatan,Kota Banjarmasin,data iklim banjarmasin
Kalimantan Selatan,Kota Banjarmasin,bulan
Kalimantan Selatan,Kota Banjarmasin,jan
Kalimantan Selatan,Kota Banjarmasin,feb
Kalimantan Selatan,Kota Banjarmasin,mar
Kalimantan Selatan,Kota Banjarmasin,apr
Kalimantan Selatan,Kota Banjarmasin,mei
Kalimantan Selatan,Kota Banjarmasin,jun
Kalimantan Selatan,Kota Banjarmasin,jul
Kalimantan Selatan,Kota Banjarmasin,agt
Kalimantan Selatan,Kota Banjarmasin,sep
Kalimantan Selatan,Kota Banjarmasin,okt
Kalimantan Selatan,Kota Banjarmasin,nov
Kalimantan Selatan,Kota Banjarmasin,des
Kalimantan Selatan,Kota Banjarmasin,tahun
Kalimantan Selatan,Kota Banjarmasin,data iklim banjarmasin
Kalimantan Selatan,Kota Banjarmasin,bulan
Kalimantan Selatan,Kota Banjarmasin,jan
Kalimantan Selatan,Kota Banjarmasin,feb
Kalimantan Selatan,Kota Banjarmasin,mar
Kalimantan Selatan,Kota Banjarmasin,apr
Kalimantan Selatan,Kota Banjarmasin,mei
Kalimantan Selatan,Kota Banjarmasin,jun
Kalimantan Selatan,Kota Banjarmasin,jul
Kalimantan Selatan,Kota Banjarmasin,agt
Kalimantan Selatan,Kota Banjarmasin,sep
Kalimantan Selatan,Kota Banjarmasin,okt
Kalimantan Selatan,Kota Banjarmasin,nov
Kalimantan Selatan,Kota Banjarmasin,des
Kalimantan Selatan,Kota Banjarmasin,tahun
Kalimantan Selatan,Kota Banjarmasin,data iklim banjarmasin
Kalimantan Selatan,Kota Banjarmasin,bulan
Kalimantan Selatan,Kota Banjarmasin,jan
Kalimantan Selatan,Kota Banjarmasin,feb
Kalimantan Selatan,Kota Banjarmasin,mar
Kalimantan Selatan,Kota Banjarmasin,apr
Kalimantan Selatan,Kota Banjarmasin,mei
Kalimantan Selatan,Kota Banjarmasin,jun
Kalimantan Selatan,Kota Banjarmasin,jul
Kalimantan Selatan,Kota Banjarmasin,agt
Kalimantan Selatan,Kota Banjarmasin,sep
Kalimantan Selatan,Kota Banjarmasin,okt
Kalimantan Selatan,Kota Banjarmasin,nov
Kalimantan Selatan,Kota Banjarmasin,des
Kalimantan Selatan,Kota Banjarmasin,tahun
Kalimantan Selatan,Kota Banjarmasin,data iklim banjarmasin
Kalimantan Selatan,Kota Banjarmasin,bulan
Kalimantan Selatan,Kota Banjarmasin,jan
Kalimantan Selatan,Kota Banjarmasin,feb
Kalimantan Selatan,Kota Banjarmasin,mar
Kalimantan Selatan,Kota Banjarmasin,apr
Kalimantan Selatan,Kota Banjarmasin,mei
Kalimantan Selatan,Kota Banjarmasin,jun
Kalimantan Selatan,Kota Banjarmasin,jul
Kalimantan Selatan,Kota Banjarmasin,agt
Kalimantan Selatan,Kota Banjarmasin,sep
Kalimantan Selatan,Kota Banjarmasin,okt
Kalimantan Selatan,Kota Banjarmasin,nov
Kalimantan Selatan,Kota Banjarmasin,des
Kalimantan Selatan,Kota Banjarmasin,tahun
Kalimantan Selatan,Kota Banjarmasin,data iklim banjarmasin
Kalimantan Selatan,Kota Banjarmasin,bulan
Kalimantan Selatan,Kota Banjarmasin,jan
Kalimantan Selatan,Kota Banjarmasin,feb
Kalimantan Selatan,Kota Banjarmasin,mar
Kalimantan Selatan,Kota Banjarmasin,apr
Kalimantan Selatan,Kota Banjarmasin,mei
Kalimantan Selatan,Kota Banjarmasin,jun
Kalimantan Selatan,Kota Banjarmasin,jul
Kalimantan Selatan,Kota Banjarmasin,agt
Kalimantan Selatan,Kota Banjarmasin,sep
Kalimantan Selatan,Kota Banjarmasin,okt
Kalimantan Selatan,Kota Banjarmasin,nov
Kalimantan Selatan,Kota Banjarmasin,des
Kalimantan Selatan,Kota Banjarmasin,tahun
Kalimantan Selatan,Kota Banjarmasin,data iklim banjarmasin
Kalimantan Selatan,Kota Banjarmasin,bulan
Kalimantan Selatan,Kota Banjarmasin,jan
Kalimantan Selatan,Kota Banjarmasin,feb
Kalimantan Selatan,Kota Banjarmasin,mar
Kalimantan Selatan,Kota Banjarmasin,apr
Kalimantan Selatan,Kota Banjarmasin,mei
Kalimantan Selatan,Kota Banjarmasin,jun
Kalimantan Selatan,Kota Banjarmasin,jul
Kalimantan Selatan,Kota Banjarmasin,agt
Kalimantan Selatan,Kota Banjarmasin,sep
Kalimantan Selatan,Kota Banjarmasin,okt
Kalimantan Selatan,Kota Banjarmasin,nov
Kalimantan Selatan,Kota Banjarmasin,des
Kalimantan Selatan,Kota Banjarmasin,tahun
Kalimantan Selatan,Kota Banjarmasin,data iklim banjarmasin
Kalimantan Selatan,Kota Banjarmasin,bulan
Kalimantan Selatan,Kota Banjarmasin,jan
Kalimantan Selatan,Kota Banjarmasin,feb
Kalimantan Selatan,Kota Banjarmasin,mar
Kalimantan Selatan,Kota Banjarmasin,apr
Kalimantan Selatan,Kota Banjarmasin,mei
Kalimantan Selatan,Kota Banjarmasin,jun
Kalimantan Selatan,Kota Banjarmasin,jul
Kalimantan Selatan,Kota Banjarmasin,agt
Kalimantan Selatan,Kota Banjarmasin,sep
Kalimantan Selatan,Kota Banjarmasin,okt
Kalimantan Selatan,Kota Banjarmasin,nov
Kalimantan Selatan,Kota Banjarmasin,des
Kalimantan Selatan,Kota Banjarmasin,tahun
Kalimantan Tengah,Kabupaten Barito Timur,no
Kalimantan Tengah,Kabupaten Barito Timur,nama
Kalimantan Tengah,Kabupaten Barito Timur,awal masa jabatan
Kalimantan Tengah,Kabupaten Barito Timur,akhir masa jabatan
Kalimantan Tengah,Kabupaten Barito Timur,keterangan
Kalimantan Tengah,Kabupaten Barito Timur,no
Kalimantan Tengah,Kabupaten Barito Timur,nama
Kalimantan Tengah,Kabupaten Barito Timur,awal masa jabatan
Kalimantan Tengah,Kabupaten Barito Timur,akhir masa jabatan
Kalimantan Tengah,Kabupaten Barito Timur,keterangan
Kalimantan Tengah,Kabupaten Kotawaringin Barat,channel
Kalimantan Tengah,Kabupaten Kotawaringin Barat,frekuensi
Kalimantan Tengah,Kabupaten Kotawaringin Barat,kekuatan pemancar
Kalimantan Tengah,Kota Palangka Raya,no
Kalimantan Tengah,Kota Palangka Raya,nama
Kalimantan Tengah,Kota Palangka Raya,awal masa jabatan
Kalimantan Tengah,Kota Palangka Raya,akhir masa jabatan
Kalimantan Tengah,Kota Palangka Raya,keterangan
Kalimantan Tengah,Kota Palangka Raya,no
Kalimantan Tengah,Kota Palangka Raya,nama
Kalimantan Tengah,Kota Palangka Raya,awal masa jabatan
Kalimantan Tengah,Kota Palangka Raya,akhir masa jabatan
Kalimantan Tengah,Kota Palangka Raya,keterangan
Kalimantan Timur,Kabupaten Berau,nama pasangan
Kalimantan Timur,Kabupaten Berau,nama pasangan
Kalimantan Timur,Kabupaten Berau,nama pasangan
Kalimantan Utara,Kabupaten Tana Tidung,utara
Kalimantan Utara,Kabupaten Tana Tidung,timur
Kalimantan Utara,Kabupaten Tana Tidung,selatan
Kalimantan Utara,Kabupaten Tana Tidung,barat
Kalimantan Utara,Kabupaten Tana Tidung,utara
Kalimantan Utara,Kabupaten Tana Tidung,timur
Kalimantan Utara,Kabupaten Tana Tidung,selatan
Kalimantan Utara,Kabupaten Tana Tidung,barat
Sulawesi Selatan,Kabupaten Pangkajene dan Kepulauan,no
Sulawesi Selatan,Kabupaten Pangkajene dan Kepulauan,bupati
Sulawesi Selatan,Kabupaten Pangkajene dan Kepulauan,mulai menjabat
Sulawesi Selatan,Kabupaten Pangkajene dan Kepulauan,akhir menjabat
Sulawesi Selatan,Kabupaten Pangkajene dan Kepulauan,wakil bupati
Sulawesi Selatan,Kota Makassar,tahun
Sulawesi Selatan,Kota Makassar,jumlah penduduk
Sulawesi Selatan,Kota Makassar,tahun
Sulawesi Selatan,Kota Makassar,jumlah penduduk
Sulawesi Selatan,Kota Makassar,tahun
Sulawesi Selatan,Kota Makassar,jumlah penduduk
Sulawesi Selatan,Kota Makassar,tahun
Sulawesi Selatan,Kota Makassar,jumlah penduduk
Sulawesi Selatan,Kota Makassar,tahun
Sulawesi Selatan,Kota Makassar,jumlah penduduk
Sulawesi Selatan,Kota Palopo,no
Sulawesi Selatan,Kota Palopo,wali kota
Sulawesi Selatan,Kota Palopo,mulai menjabat
Sulawesi Selatan,Kota Palopo,akhir jabatan
Sulawesi Selatan,Kota Palopo,wakil wali kota
Sulawesi Selatan,Kota Palopo,no
Sulawesi Selatan,Kota Palopo,wali kota
Sulawesi Selatan,Kota Palopo,mulai menjabat
Sulawesi Selatan,Kota Palopo,akhir jabatan
Sulawesi Selatan,Kota Palopo,wakil wali kota
Sulawesi Selatan,Kota Palopo,no
Sulawesi Selatan,Kota Palopo,wali kota
Sulawesi Selatan,Kota Palopo,mulai menjabat
Sulawesi Selatan,Kota Palopo,akhir jabatan
Sulawesi Selatan,Kota Palopo,wakil wali kota
Sulawesi Selatan,Kota Palopo,no
Sulawesi Selatan,Kota Palopo,wali kota
Sulawesi Selatan,Kota Palopo,mulai menjabat
Sulawesi Selatan,Kota Palopo,akhir jabatan
Sulawesi Selatan,Kota Palopo,wakil wali kota
Sulawesi Selatan,Kota Parepare,tahun
Sulawesi Selatan,Kota Parepare,jumlah penduduk
Sulawesi Selatan,Kota Parepare,tahun
Sulawesi Selatan,Kota Parepare,jumlah penduduk
Sulawesi Selatan,Kota Parepare,tahun
Sulawesi Selatan,Kota Parepare,jumlah penduduk
Sulawesi Selatan,Kota Parepare,tahun
Sulawesi Selatan,Kota Parepare,jumlah penduduk
Sulawesi Tengah,Kabupaten Banggai,nama kecamatan
Sulawesi Tengah,Kabupaten Banggai,keterangan
Sulawesi Tengah,Kota Palu,data iklim palu
Sulawesi Tengah,Kota Palu,bulan
Sulawesi Tengah,Kota Palu,jan
Sulawesi Tengah,Kota Palu,feb
Sulawesi Tengah,Kota Palu,mar
Sulawesi Tengah,Kota Palu,apr
Sulawesi Tengah,Kota Palu,mei
Sulawesi Tengah,Kota Palu,jun
Sulawesi Tengah,Kota Palu,jul
Sulawesi Tengah,Kota Palu,agt
Sulawesi Tengah,Kota Palu,sep
Sulawesi Tengah,Kota Palu,okt
Sulawesi Tengah,Kota Palu,nov
Sulawesi Tengah,Kota Palu,des
Sulawesi Tengah,Kota Palu,tahun
Sulawesi Tengah,Kota Palu,data iklim palu
Sulawesi Tengah,Kota Palu,bulan
Sulawesi Tengah,Kota Palu,jan
Sulawesi Tengah,Kota Palu,feb
Sulawesi Tengah,Kota Palu,mar
Sulawesi Tengah,Kota Palu,apr
Sulawesi Tengah,Kota Palu,mei
Sulawesi Tengah,Kota Palu,jun
Sulawesi Tengah,Kota Palu,jul
Sulawesi Tengah,Kota Palu,agt
Sulawesi Tengah,Kota Palu,sep
Sulawesi Tengah,Kota Palu,okt
Sulawesi Tengah,Kota Palu,nov
Sulawesi Tengah,Kota Palu,des
Sulawesi Tengah,Kota Palu,tahun
Sulawesi Tengah,Kota Palu,data iklim palu
Sulawesi Tengah,Kota Palu,bulan
Sulawesi Tengah,Kota Palu,jan
Sulawesi Tengah,Kota Palu,feb
Sulawesi Tengah,Kota Palu,mar
Sulawesi Tengah,Kota Palu,apr
Sulawesi Tengah,Kota Palu,mei
Sulawesi Tengah,Kota Palu,jun
Sulawesi Tengah,Kota Palu,jul
Sulawesi Tengah,Kota Palu,agt
Sulawesi Tengah,Kota Palu,sep
Sulawesi Tengah,Kota Palu,okt
Sulawesi Tengah,Kota Palu,nov
Sulawesi Tengah,Kota Palu,des
Sulawesi Tengah,Kota Palu,tahun
Sulawesi Utara,Kota Manado,data iklim manado
Sulawesi Utara,Kota Manado,bulan
Sulawesi Utara,Kota Manado,jan
Sulawesi Utara,Kota Manado,feb
Sulawesi Utara,Kota Manado,mar
Sulawesi Utara,Kota Manado,apr
Sulawesi Utara,Kota Manado,mei
Sulawesi Utara,Kota Manado,jun
Sulawesi Utara,Kota Manado,jul
Sulawesi Utara,Kota Manado,agt
Sulawesi Utara,Kota Manado,sep
Sulawesi Utara,Kota Manado,okt
Sulawesi Utara,Kota Manado,nov
Sulawesi Utara,Kota Manado,des
Sulawesi Utara,Kota Manado,tahun
Sulawesi Utara,Kota Manado,data iklim manado
Sulawesi Utara,Kota Manado,bulan
Sulawesi Utara,Kota Manado,jan
Sulawesi Utara,Kota Manado,feb
Sulawesi Utara,Kota Manado,mar
Sulawesi Utara,Kota Manado,apr
Sulawesi Utara,Kota Manado,mei
Sulawesi Utara,Kota Manado,jun
Sulawesi Utara,Kota Manado,jul
Sulawesi Utara,Kota Manado,agt
Sulawesi Utara,Kota Manado,sep
Sulawesi Utara,Kota Manado,okt
Sulawesi Utara,Kota Manado,nov
Sulawesi Utara,Kota Manado,des
Sulawesi Utara,Kota Manado,tahun
Maluku,Kota Ambon,bulan
Maluku,Kota Ambon,jan
Maluku,Kota Ambon,feb
Maluku,Kota Ambon,mar
Maluku,Kota Ambon,apr
Maluku,Kota Ambon,mei
Maluku,Kota Ambon,jun
Maluku,Kota Ambon,jul
Maluku,Kota Ambon,agt
Maluku,Kota Ambon,sep
Maluku,Kota Ambon,okt
Maluku,Kota Ambon,nov
Maluku,Kota Ambon,des
Maluku,Kota Ambon,tahun
Maluku,Kota Ambon,curah hujan mm
Maluku,Kota Ambon,curah hujan inci
Maluku,Kota Tual,kota
Maluku,Kota Tual,negara
Maluku,Kota Tual,tahun
Papua,Kabupaten Deiyai,distrik
Papua,Kabupaten Deiyai,distrik
Papua,Kabupaten Dogiyai,distrik
Papua,Kabupaten Dogiyai,distrik
Papua,Kabupaten Intan Jaya,distrik
Papua,Kabupaten Kepulauan Yapen,distrik
Papua,Kabupaten Mimika,nama distrik
Papua Barat,Kabupaten Fakfak,nama distrik
Papua Barat,Kabupaten Fakfak,ibukota
Papua Barat,Kabupaten Fakfak,luas
Papua Barat,Kabupaten Fakfak,kelurahan
Papua Barat,Kabupaten Fakfak,kampung
Papua Barat,Kabupaten Fakfak,nama distrik
Papua Barat,Kabupaten Fakfak,ibukota
Papua Barat,Kabupaten Fakfak,luas
Papua Barat,Kabupaten Fakfak,kelurahan
Papua Barat,Kabupaten Fakfak,kampung
Papua Barat,Kabupaten Manokwari,kota
Papua Barat,Kabupaten Manokwari,
Papua Barat,Kabupaten Manokwari,
Papua Barat,Kabupaten Sorong,nomor
Papua Barat,Kabupaten Sorong,distrik
Papua Barat,Kabupaten Teluk Bintuni,nama distrik
Papua Barat,Kabupaten Teluk Bintuni,ibukota
Papua Barat,Kabupaten Teluk Bintuni,nama distrik
Papua Barat,Kabupaten Teluk Bintuni,ibukota
