Aceh,Universitas Syiah Kuala, , , ,Pendidikan,Demografi
Aceh,Universitas Islam Negeri Ar-Raniry, , , ,Pendidikan,Demografi
Aceh,Universitas Samudra Langsa, , , ,Pendidikan,Demografi
Aceh,Universitas Malikussaleh, Aceh Utara, , , ,Pendidikan,Demografi
Aceh,Universitas Teuku Umar, Meulaboh, , , ,Pendidikan,Demografi
Aceh,Politeknik Negeri Lhokseumawe, , , ,Pendidikan,Demografi
Aceh,Politeknik Aceh, , , ,Pendidikan,Demografi
Aceh,IAIN Malikussaleh, Lhokseumawe, , , ,Pendidikan,Demografi
Aceh,IAIN Zawiyah Cot Kala Langsa, , , ,Pendidikan,Demografi
Aceh,STAIN Teungku Dirundeng Meulaboh, , , ,Pendidikan,Demografi
Aceh,Universitas Abulyatama, , , ,Pendidikan,Demografi
Aceh,Universitas Almuslim, , , ,Pendidikan,Demografi
Aceh,Universitas Muhammadiyah Aceh, , , ,Pendidikan,Demografi
Aceh,Universitas Iskandar Muda, , , ,Pendidikan,Demografi
Aceh,Universitas Serambi Mekkah, , , ,Pendidikan,Demografi
Aceh,Universitas Jabal Ghafur, , , ,Pendidikan,Demografi
Aceh,Meuseukee Eungkot (sebuah tradisi di wilayah Aceh Barat), , , , ,Seni dan Budaya
Aceh,Peusijuek (atau Tepung tawar dalam tradisi Melayu), , , , ,Seni dan Budaya
Aceh,Bustanus Salatin, , , ,Sastra,Seni dan Budaya
Aceh,Hikayat Prang Sabi, , , ,Sastra,Seni dan Budaya
Aceh,Hikayat Malem Diwa, , , ,Sastra,Seni dan Budaya
Aceh,Legenda Amat Rhang Manyang, , , ,Sastra,Seni dan Budaya
Aceh,Legenda Putroe Neng, , , ,Sastra,Seni dan Budaya
Aceh,Legenda Magasang dan Magaseueng, , , ,Sastra,Seni dan Budaya
Aceh,Tari Laweut, , , ,Tarian,Seni dan Budaya
Aceh,Tari Likok Pulo, , , ,Tarian,Seni dan Budaya
Aceh,Tari Pho, , , ,Tarian,Seni dan Budaya
Aceh,Tari Ranup lam Puan, , , ,Tarian,Seni dan Budaya
Aceh,Tari Rapa'i Geleng, , , ,Tarian,Seni dan Budaya
Aceh,Tari Rateb Meuseukat, , , ,Tarian,Seni dan Budaya
Aceh,Tari Ratoh Duek, , , ,Tarian,Seni dan Budaya
Aceh,Tari Seudati, , , ,Tarian,Seni dan Budaya
Aceh,Tari Tarek Pukat, , , ,Tarian,Seni dan Budaya
Aceh,Tari Saman, , , ,Tarian,Seni dan Budaya
Aceh,Tari Bines, , , ,Tarian,Seni dan Budaya
Aceh,Tari Didong, , , ,Tarian,Seni dan Budaya
Aceh,Tari Guel, , , ,Tarian,Seni dan Budaya
Aceh,Tari Munalu, , , ,Tarian,Seni dan Budaya
Aceh,Tari Turun Ku Aih Aunen, , , ,Tarian,Seni dan Budaya
Aceh,Tari Mesekat, , , ,Tarian,Seni dan Budaya
Aceh,Tari Ula-ula Lembing, , , ,Tarian,Seni dan Budaya
Aceh,Minyak bumi, , , ,Sumber daya alam,Perekonomian
Aceh,Gas alam, , , ,Sumber daya alam,Perekonomian
Aceh,Emas, , , ,Sumber daya alam,Perekonomian
Aceh,Hutan, , , ,Sumber daya alam,Perekonomian
Aceh,Kayu, , , ,Sumber daya alam,Perekonomian
Aceh,Kopi, , , ,Sumber daya alam,Perekonomian
Aceh,Ikan, , , ,Sumber daya alam,Perekonomian
Aceh,Rempah-rempah, , , ,Sumber daya alam,Perekonomian
Aceh,Kakao, , , ,Sumber daya alam,Perekonomian
Aceh,Pinang, , , ,Sumber daya alam,Perekonomian
Aceh,PT Arun: Kilang Pencairan Gas Alam di Lhokseumawe, , , ,Industri,Perekonomian
Aceh,PT Pupuk Iskandar Muda (PIM): Pabrik Pupuk Iskandar Muda di Aceh Utara, , , ,Industri,Perekonomian
Aceh,PT Aceh Asean Fertilizer (AAF): Pabrik Pupuk Asean di Aceh Utara, , , ,Industri,Perekonomian
Aceh,PT Kertas Kraft Aceh (KKA): Pabrik Kertas di Aceh Utara, , , ,Industri,Perekonomian
Aceh,PT Semen Andalas Indonesia-Lafarge (SAI): Semen Andalas di Aceh Besar, , , ,Industri,Perekonomian
Aceh,ExxonMobil: Kilang Gas Alam di Aceh Utara, , , ,Industri,Perekonomian
Aceh,Perta Arun Gas, Lhokseumawe, , , ,Industri,Perekonomian
Aceh,Pembangkitan Jawa-Bali (PJB), Lhokseumawe, , , ,Industri,Perekonomian
Aceh,Medco E&P Indonesia , Aceh Timur, , , ,Industri,Perekonomian
Aceh,Emas di kabupaten Aceh Barat, di kabupaten Aceh Tengah, , , ,Pertambangan,Perekonomian
Aceh,Batubara di kabupaten Aceh Barat, , , ,Pertambangan,Perekonomian
Aceh,Batu gamping di kabupaten Aceh Besar, di kabupaten Aceh Selatan, , , ,Pertambangan,Perekonomian
Aceh,Masjid Raya Baiturrahman, , , ,Pariwisata,Perekonomian
Aceh,Museum Aceh, , , ,Pariwisata,Perekonomian
Aceh,Taman Putroe Phang, , , ,Pariwisata,Perekonomian
Aceh,Kuburan Kerkhoff, , , ,Pariwisata,Perekonomian
Aceh,Danau Laut Tawar, , , ,Pariwisata,Perekonomian
Aceh,Danau Aneuk Laot, , , ,Pariwisata,Perekonomian
Aceh,Pantai Lhoknga, Aceh Besar, , , ,Pariwisata,Perekonomian
Aceh,Museum Tsunami Aceh, , , ,Pariwisata,Perekonomian
Aceh,Guha Tujoh di Laweueng, , , ,Pariwisata,Perekonomian
Aceh,Lapangan Merdeka Kota Langsa, , , ,Pariwisata,Perekonomian
Aceh,Taman Hutan Kota Langsa, , , ,Pariwisata,Perekonomian
Aceh,Hutan Mangrove Kota Langsa, , , ,Pariwisata,Perekonomian
Aceh,Taman Bambu Runcing Langsa, , , ,Pariwisata,Perekonomian
Aceh,Pulau Teulaga Tujoh, , , ,Pariwisata,Perekonomian
Aceh,Gedung Balee Juang, , , ,Pariwisata,Perekonomian
Aceh,Bukit Goa Jepang, Lhokseumawe, , , ,Pariwisata,Perekonomian
Aceh,Waduk Jeulikat, Lhokseumawe, , , ,Pariwisata,Perekonomian
Aceh,Gunung Salak, Aceh Utara, , , ,Pariwisata,Perekonomian
Aceh,Blang Kulam, Aceh Utara, , , ,Pariwisata,Perekonomian
Aceh,Terminal Seutuy, Banda Aceh, , ,1. Transportasi Darat :,Transportasi,Perekonomian
Aceh,Terminal Bireuen, , ,1. Transportasi Darat :,Transportasi,Perekonomian
Aceh,Terminal Lhokseumawe, , ,1. Transportasi Darat :,Transportasi,Perekonomian
Aceh,Terminal Langsa, , ,1. Transportasi Darat :,Transportasi,Perekonomian
Aceh,Terminal Takengon, , ,1. Transportasi Darat :,Transportasi,Perekonomian
Aceh,Terminal Meulaboh, , ,1. Transportasi Darat :,Transportasi,Perekonomian
Aceh,Pelabuhan Malahayati, , ,1. Transportasi Darat :,Transportasi,Perekonomian
Aceh,Pelabuhan Internasional Samudera Pasai, Krueng Geukuh, , ,1. Transportasi Darat :,Transportasi,Perekonomian
Aceh,Pelabuhan Langsa, , ,1. Transportasi Darat :,Transportasi,Perekonomian
Aceh,Pelabuhan Arun, Lhokseumawe, , ,1. Transportasi Darat :,Transportasi,Perekonomian
Aceh,Pelabuhan Bebas Sabang, , ,1. Transportasi Darat :,Transportasi,Perekonomian
Aceh,Pelabuhan Ulee Lheu, , ,1. Transportasi Darat :,Transportasi,Perekonomian
Aceh,Pelabuhan Jetty, , ,1. Transportasi Darat :,Transportasi,Perekonomian
Aceh,BTJ - Bandar Udara Internasional Sultan Iskandar Muda , Aceh Besar, , ,1. Transportasi Darat :,Transportasi,Perekonomian
Aceh,??? - Bandar Udara Alas Leuser, Kutacane, , ,1. Transportasi Darat :,Transportasi,Perekonomian
Aceh,??? - Bandar Udara Bireun, Bireun, , ,1. Transportasi Darat :,Transportasi,Perekonomian
Aceh,??? - Bandar Udara Blangkejeran, Gayo Lues, , ,1. Transportasi Darat :,Transportasi,Perekonomian
Aceh,MEQ - Bandar Udara Cut Nyak Dhien, Nagan Raya, , ,1. Transportasi Darat :,Transportasi,Perekonomian
Aceh,??? - Bandar Udara Kuala Batu, Blang Pidie, , ,1. Transportasi Darat :,Transportasi,Perekonomian
Aceh,SNB - Bandar Udara Lasikin, Sinabang, , ,1. Transportasi Darat :,Transportasi,Perekonomian
Aceh,SBG - Bandar Udara Maimun Saleh, Sabang, , ,1. Transportasi Darat :,Transportasi,Perekonomian
Aceh,LSW - Bandar Udara Malikus Saleh, Aceh Utara, , ,1. Transportasi Darat :,Transportasi,Perekonomian
Aceh,TXE - Bandar Udara Rembele, Bener Meriah, , ,1. Transportasi Darat :,Transportasi,Perekonomian
Aceh,SKL - Bandar Udara Syekh Hamzah Fansyuri, Singkil, , ,1. Transportasi Darat :,Transportasi,Perekonomian
Aceh,TPK - Bandar Udara Teuku Cut Ali, Tapaktuan, , ,1. Transportasi Darat :,Transportasi,Perekonomian
Aceh,LSX - Bandar Udara Lhok Sukon, Aceh Utara, , ,1. Transportasi Darat :,Transportasi,Perekonomian
Aceh,Cut Nyak Dhien, , ,Pahlawan Perempuan,Pahlawan,Lainnya
Aceh,Cut Nyak Meutia, , ,Pahlawan Perempuan,Pahlawan,Lainnya
Aceh,Laksamana Malahayati, , ,Pahlawan Perempuan,Pahlawan,Lainnya
Aceh,Pocut Baren, , ,Pahlawan Perempuan,Pahlawan,Lainnya
Aceh,Teungku Fakinah, , ,Pahlawan Perempuan,Pahlawan,Lainnya
Aceh,Sultan Iskandar Muda, , ,Pahlawan Pria,Pahlawan,Lainnya
Aceh,Teungku Chik Di Tiro, , ,Pahlawan Pria,Pahlawan,Lainnya
Aceh,Teuku Umar, , ,Pahlawan Pria,Pahlawan,Lainnya
Aceh,Panglima Polem, , ,Pahlawan Pria,Pahlawan,Lainnya
Aceh,Teuku Nyak Arif, , ,Pahlawan Pria,Pahlawan,Lainnya
Aceh,Mr. Teuku Muhammad Hasan[36], , ,Pahlawan Pria,Pahlawan,Lainnya
Aceh,Sultan Hadlirin, , , ,Tokoh asal Aceh,Lainnya
Aceh,Hamzah Fansuri, , , ,Tokoh asal Aceh,Lainnya
Aceh,Nuruddin Ar-Raniri, , , ,Tokoh asal Aceh,Lainnya
Aceh,Syiah Kuala, , , ,Tokoh asal Aceh,Lainnya
Aceh,Syamsuddin As-Sumatrani, , , ,Tokoh asal Aceh,Lainnya
Aceh,Syech H Muda Wali Al-Khalidi, , , ,Tokoh asal Aceh,Lainnya
Aceh,Tun Sri Lanang, , , ,Tokoh asal Aceh,Lainnya
Aceh,Teungku Chik Pante Kulu, , , ,Tokoh asal Aceh,Lainnya
Aceh,Ismail al-Asyi, , , ,Tokoh asal Aceh,Lainnya
Aceh,Mohamad Kasim Arifin, , , ,Tokoh asal Aceh,Lainnya
Aceh,Tengku Hasan Muhammad di Tiro, , , ,Tokoh asal Aceh,Lainnya
Aceh,P. Ramlee, , , ,Tokoh asal Aceh,Lainnya
Aceh,Teungku Ahmad Dewi, , , ,Tokoh asal Aceh,Lainnya
Aceh,Teungku Daud Beureu'eh, , , ,Tokoh asal Aceh,Lainnya
Aceh,Abubakar Atjeh, ahli ilmu Tharikat, , , ,Tokoh Asal Aceh Menurut Profesi.[37],Lainnya
Aceh,Ali Hasyimi , akademisi, gubernur Aceh ke 8, , , ,Tokoh Asal Aceh Menurut Profesi.[37],Lainnya
Aceh,Bachtiar Aly, ahli komunikasi politik, , , ,Tokoh Asal Aceh Menurut Profesi.[37],Lainnya
Aceh,Tjut Nyak Deviana Daudsjah, ahli musik, rektor, , , ,Tokoh Asal Aceh Menurut Profesi.[37],Lainnya
Aceh,Dayan Dawood, rektor Unsyiah, , , ,Tokoh Asal Aceh Menurut Profesi.[37],Lainnya
Aceh,Ed Zoelverdi, ahli fotografi, , , ,Tokoh Asal Aceh Menurut Profesi.[37],Lainnya
Aceh,Fachry Albar, pakar ilmu komunikasi dan pengamat politik, , , ,Tokoh Asal Aceh Menurut Profesi.[37],Lainnya
Aceh,Irwan Abdullah, antropolog UGM, , , ,Tokoh Asal Aceh Menurut Profesi.[37],Lainnya
Aceh,Ismail Suny, ahli hukum tata negara dan mantan Duta Besar, , , ,Tokoh Asal Aceh Menurut Profesi.[37],Lainnya
Aceh,Shafwan Idris, rektor IAIN Ar Raniri, , , ,Tokoh Asal Aceh Menurut Profesi.[37],Lainnya
Aceh,Teuku Ibrahim Alfian, ahli sejarah, , , ,Tokoh Asal Aceh Menurut Profesi.[37],Lainnya
Aceh,Teuku Jacob, antropolog UGM, , , ,Tokoh Asal Aceh Menurut Profesi.[37],Lainnya
Aceh,Teuku Nasrullah, ahli hukum, pengacara, , , ,Tokoh Asal Aceh Menurut Profesi.[37],Lainnya
Aceh,Yaumil Chairiah Agoes Achir, ilmuwan sosial, , , ,Tokoh Asal Aceh Menurut Profesi.[37],Lainnya
Aceh,Daud Beureu'eh, pejuang kemerdekaan Indonesia, pendiri NII di Aceh, gubernur Aceh ke 3, , , ,Tokoh Asal Aceh Menurut Profesi.[37],Lainnya
Aceh,Ilyas Leube, pejuang kemerdekaan Indonesia, pendiri NII di Aceh, Menteri Kehakiman GAM, , , ,Tokoh Asal Aceh Menurut Profesi.[37],Lainnya
Aceh,Ifdhal Kasim, aktivis HAM, ketua Komnas HAM, , , ,Tokoh Asal Aceh Menurut Profesi.[37],Lainnya
Aceh,Malahayati, pejuang, laksamana wanita Kesultanan Aceh, , , ,Tokoh Asal Aceh Menurut Profesi.[37],Lainnya
Aceh,Mohamad Kasim Arifin, pengabdi masyarakat, pahlawan pertanian, , , ,Tokoh Asal Aceh Menurut Profesi.[37],Lainnya
Aceh,Pang Nanggroe, pejuang perang Aceh, , , ,Tokoh Asal Aceh Menurut Profesi.[37],Lainnya
Aceh,Panglima Polem IX, pejuang kemerdekaan Indonesia, , , ,Tokoh Asal Aceh Menurut Profesi.[37],Lainnya
Aceh,Pocut Baren, wanita pejuang perang aceh, , , ,Tokoh Asal Aceh Menurut Profesi.[37],Lainnya
Aceh,Teuku Chik Tunong, pejuang perang Aceh, , , ,Tokoh Asal Aceh Menurut Profesi.[37],Lainnya
Aceh,Teuku Chik Mohammad Thayeb, tokoh pergerakan nasional, , , ,Tokoh Asal Aceh Menurut Profesi.[37],Lainnya
Aceh,Teuku Nanta Seutia, pejuang perang Aceh, , , ,Tokoh Asal Aceh Menurut Profesi.[37],Lainnya
Aceh,Yap Thiam Hien, pejuang HAM, pengacara, , , ,Tokoh Asal Aceh Menurut Profesi.[37],Lainnya
Aceh,Teungku Peukan , pejuang perang Aceh, , , ,Tokoh Asal Aceh Menurut Profesi.[37],Lainnya
Aceh,Zubaidah Djohar, aktivis kemanusiaan, peneliti dan penyair., , , ,Tokoh Asal Aceh Menurut Profesi.[37],Lainnya
Aceh,Adi KDI, penyanyi, , , ,Tokoh Asal Aceh Menurut Profesi.[37],Lainnya
Aceh,Aedy Moward, aktor, , , ,Tokoh Asal Aceh Menurut Profesi.[37],Lainnya
Aceh,Astri Ivo, aktris, , , ,Tokoh Asal Aceh Menurut Profesi.[37],Lainnya
Aceh,Bedu Thohir, komedian, , , ,Tokoh Asal Aceh Menurut Profesi.[37],Lainnya
Aceh,Christine Hakim, aktris, , , ,Tokoh Asal Aceh Menurut Profesi.[37],Lainnya
Aceh,Cut Irna, penyanyi, , , ,Tokoh Asal Aceh Menurut Profesi.[37],Lainnya
Aceh,Cut Keke, aktris, , , ,Tokoh Asal Aceh Menurut Profesi.[37],Lainnya
Aceh,Cut Meyriska, aktris, , , ,Tokoh Asal Aceh Menurut Profesi.[37],Lainnya
Aceh,Cut Mini Theo, aktris, , , ,Tokoh Asal Aceh Menurut Profesi.[37],Lainnya
Aceh,Niken Astri, penyanyi, , , ,Tokoh Asal Aceh Menurut Profesi.[37],Lainnya
Aceh,Cut Rizki Teo, aktris, , , ,Tokoh Asal Aceh Menurut Profesi.[37],Lainnya
Aceh,Cut Tari, aktris, presenter, , , ,Tokoh Asal Aceh Menurut Profesi.[37],Lainnya
Aceh,Cut Yanthi, penyanyi, , , ,Tokoh Asal Aceh Menurut Profesi.[37],Lainnya
Aceh,Di Muhammad Devirzha, penyanyi, , , ,Tokoh Asal Aceh Menurut Profesi.[37],Lainnya
Aceh,Fifi Young, aktris senior, , , ,Tokoh Asal Aceh Menurut Profesi.[37],Lainnya
Aceh,Haykal Kamil, aktor, , , ,Tokoh Asal Aceh Menurut Profesi.[37],Lainnya
Aceh,Ivo Nilakreshna, penyanyi, , , ,Tokoh Asal Aceh Menurut Profesi.[37],Lainnya
Aceh,Mutia Datau, aktris, , , ,Tokoh Asal Aceh Menurut Profesi.[37],Lainnya
Aceh,Nova Eliza, aktris, , , ,Tokoh Asal Aceh Menurut Profesi.[37],Lainnya
Aceh,Nunu Datau, aktris, , , ,Tokoh Asal Aceh Menurut Profesi.[37],Lainnya
Aceh,Ozy Syahputra, aktor, penyanyi, , , ,Tokoh Asal Aceh Menurut Profesi.[37],Lainnya
Aceh,P. Ramlee, aktor dan penyanyi Malaysia, , , ,Tokoh Asal Aceh Menurut Profesi.[37],Lainnya
Aceh,Qory Sandioriva, Puteri Indonesia, , , ,Tokoh Asal Aceh Menurut Profesi.[37],Lainnya
Aceh,Rahmi Idola Cilik, penyanyi, , , ,Tokoh Asal Aceh Menurut Profesi.[37],Lainnya
Aceh,Teuku Edwin, penyanyi, pembawa acara, , , ,Tokoh Asal Aceh Menurut Profesi.[37],Lainnya
Aceh,Teuku Rafli Pasha, aktor, , , ,Tokoh Asal Aceh Menurut Profesi.[37],Lainnya
Aceh,Teuku Reza Fahlevi, penyanyi, musisi, , , ,Tokoh Asal Aceh Menurut Profesi.[37],Lainnya
Aceh,Teuku Rassya, aktor dan penyanyi, , , ,Tokoh Asal Aceh Menurut Profesi.[37],Lainnya
Aceh,Teuku Ryan, aktor, , , ,Tokoh Asal Aceh Menurut Profesi.[37],Lainnya
Aceh,Teuku Wisnu, aktor, , , ,Tokoh Asal Aceh Menurut Profesi.[37],Lainnya
Aceh,Tompi, penyanyi jazz, pembawa acara, , , ,Tokoh Asal Aceh Menurut Profesi.[37],Lainnya
Aceh,Zaskia Adya Mecca, aktris, , , ,Tokoh Asal Aceh Menurut Profesi.[37],Lainnya
Aceh,Akli Fairus, pesepak bola Indonesia, , , ,Tokoh Asal Aceh Menurut Profesi.[37],Lainnya
Aceh,Fahrizal Dillah, pesepak bola Indonesia, , , ,Tokoh Asal Aceh Menurut Profesi.[37],Lainnya
Aceh,Irwansyah, pesepak bola Indonesia, , , ,Tokoh Asal Aceh Menurut Profesi.[37],Lainnya
Aceh,Ismed Sofyan, pesepak bola Indonesia, , , ,Tokoh Asal Aceh Menurut Profesi.[37],Lainnya
Aceh,Marzuki Nyak Mad, pesepak bola Indonesia, , , ,Tokoh Asal Aceh Menurut Profesi.[37],Lainnya
Aceh,Abdul Musawwir, pesepak bola indonesia, , , ,Tokoh Asal Aceh Menurut Profesi.[37],Lainnya
Aceh,Syahrizal, pesepak bola indonesia, , , ,Tokoh Asal Aceh Menurut Profesi.[37],Lainnya
Aceh,Syakir Sulaiman, pesepak bola indonesia, , , ,Tokoh Asal Aceh Menurut Profesi.[37],Lainnya
Aceh,Defri Rizky, pesepak bola indonesia, , , ,Tokoh Asal Aceh Menurut Profesi.[37],Lainnya
Aceh,Hendra Sandi Gunawan , pesepak bola indonesia, , , ,Tokoh Asal Aceh Menurut Profesi.[37],Lainnya
Aceh,Zulfiandi, pesepak bola indonesia., , , ,Tokoh Asal Aceh Menurut Profesi.[37],Lainnya
Aceh,Abdul Latief, menteri Indonesia, pendiri HIPMI, pengusaha, , , ,Tokoh Asal Aceh Menurut Profesi.[37],Lainnya
Aceh,Azwar Abubakar, menteri Indonesia, gubernur Aceh ke 19, , , ,Tokoh Asal Aceh Menurut Profesi.[37],Lainnya
Aceh,B.M. Diah, menteri Indonesia, pejuang kemerdekaan, tokoh pers, , , ,Tokoh Asal Aceh Menurut Profesi.[37],Lainnya
Aceh,Bachtiar Chamsyah, menteri Indonesia, politisi, , , ,Tokoh Asal Aceh Menurut Profesi.[37],Lainnya
Aceh,Daoed Joesoef, menteri Indonesia, ahli pendidikan, , , ,Tokoh Asal Aceh Menurut Profesi.[37],Lainnya
Aceh,Hasballah M. Saad, menteri Indonesia, akademisi, politisi, , , ,Tokoh Asal Aceh Menurut Profesi.[37],Lainnya
Aceh,Ibrahim Hassan, menteri Indonesia, kepala Bulog, gubernur Aceh ke 15, , , ,Tokoh Asal Aceh Menurut Profesi.[37],Lainnya
Aceh,Jusman Syafii Djamal, menteri Indonesia, dirut Dirgantara Indonesia, , , ,Tokoh Asal Aceh Menurut Profesi.[37],Lainnya
Aceh,Mustafa Abubakar, menteri Indonesia, gubernur Aceh ke 20, , , ,Tokoh Asal Aceh Menurut Profesi.[37],Lainnya
Aceh,Sofyan Djalill, menteri Indonesia, profesional, politisi, , , ,Tokoh Asal Aceh Menurut Profesi.[37],Lainnya
Aceh,Ferry Mursyidan Baldan, Politisi, mantan menteri RI, profesional., , , ,Tokoh Asal Aceh Menurut Profesi.[37],Lainnya
Aceh,Syarief Thayeb, menteri Indonesia, militer, diplomat, akademisi, , , ,Tokoh Asal Aceh Menurut Profesi.[37],Lainnya
Aceh,Hadi Thayeb, menteri Indonesia, Uleebalang Peureulak, gubernur Aceh ke 12, diplomat, , , ,Tokoh Asal Aceh Menurut Profesi.[37],Lainnya
Aceh,Muchtar Arifin, Wakil Jaksa Agung RI., , , ,Tokoh Asal Aceh Menurut Profesi.[37],Lainnya
Aceh,Tan Sri Sanusi Juned, Politikus Berdarah Aceh di Malaysia., , , ,Tokoh Asal Aceh Menurut Profesi.[37],Lainnya
Aceh,Ahmad Farhan Hamid, Mantan Wakil Ketua MPR RI., , , ,Tokoh Asal Aceh Menurut Profesi.[37],Lainnya
Aceh,Muhammad Nasir Djamil, Politisi., , , ,Tokoh Asal Aceh Menurut Profesi.[37],Lainnya
Aceh,Fachrul Razi, M.I.P, Anggota DPD-RI, , , ,Tokoh Asal Aceh Menurut Profesi.[37],Lainnya
Aceh,Abdullah Syafi'i (GAM), mantan Panglima GAM, , , ,Tokoh Asal Aceh Menurut Profesi.[37],Lainnya
Aceh,Fachrul Razi, wakil Panglima TNI, , , ,Tokoh Asal Aceh Menurut Profesi.[37],Lainnya
Aceh,Iskandar Hasan, kapolda Aceh, , , ,Tokoh Asal Aceh Menurut Profesi.[37],Lainnya
Aceh,M. Djali Yusuf, pangdam Iskandar Muda, , , ,Tokoh Asal Aceh Menurut Profesi.[37],Lainnya
Aceh,Mochamad Jasin, wakil kepala staf TNI AD, , , ,Tokoh Asal Aceh Menurut Profesi.[37],Lainnya
Aceh,Muhammad Noer Muis, staf khusus Panglima TNI, pangdam, , , ,Tokoh Asal Aceh Menurut Profesi.[37],Lainnya
Aceh,Syamaun Gaharu, pangdam Iskandar Muda, salah satu pendiri Universitas Syiah Kuala, , , ,Tokoh Asal Aceh Menurut Profesi.[37],Lainnya
Aceh,Safzen Noerdin, Komandan Marinir, , , ,Tokoh Asal Aceh Menurut Profesi.[37],Lainnya
Aceh,Muchtar Arifin, Wakil Ketua Jaksa Agung RI., , , ,Tokoh Asal Aceh Menurut Profesi.[37],Lainnya
Aceh,Achmad Soebardjo, pejuang kemerdekaan Indonesia, menteri luar negeri, , , ,Tokoh Asal Aceh Menurut Profesi.[37],Lainnya
Aceh,Cut Nyak Dhien, pejuang perang Aceh, , , ,Tokoh Asal Aceh Menurut Profesi.[37],Lainnya
Aceh,Cut Nyak Meutia, pejuang perang Aceh, , , ,Tokoh Asal Aceh Menurut Profesi.[37],Lainnya
Aceh,Iskandar Muda, Sultan Aceh, , , ,Tokoh Asal Aceh Menurut Profesi.[37],Lainnya
Aceh,Panglima Polim, pejuang perang Aceh, , , ,Tokoh Asal Aceh Menurut Profesi.[37],Lainnya
Aceh,Teuku Muhammad Hasan, pejuang kemerdekaan Indonesia, gubernur Sumatera, , , ,Tokoh Asal Aceh Menurut Profesi.[37],Lainnya
Aceh,Teuku Nyak Arif, pejuang kemerdekaan Indonesia, gubernur Aceh pertama, , , ,Tokoh Asal Aceh Menurut Profesi.[37],Lainnya
Aceh,Teuku Umar, pejuang perang Aceh, , , ,Tokoh Asal Aceh Menurut Profesi.[37],Lainnya
Aceh,Teungku Chik di Tiro, pejuang perang Aceh, , , ,Tokoh Asal Aceh Menurut Profesi.[37],Lainnya
Aceh,Laksamana Keumalahayati , Laksamana Pasukan Inong Balee, , , ,Tokoh Asal Aceh Menurut Profesi.[37],Lainnya
Aceh,Anwar Sierad, pengusaha peternakan, , , ,Tokoh Asal Aceh Menurut Profesi.[37],Lainnya
Aceh,Ibrahim Risjad, pengusaha nasional, , , ,Tokoh Asal Aceh Menurut Profesi.[37],Lainnya
Aceh,Teuku Markam, pengusaha, penyumbang emas Monas, , , ,Tokoh Asal Aceh Menurut Profesi.[37],Lainnya
Aceh,Muhammad Arbie, konglomerat, pemilik Grup Madju, , , ,Tokoh Asal Aceh Menurut Profesi.[37],Lainnya
Aceh,Muhammad Farhan, wakil direktur Persib, artis, , , ,Tokoh Asal Aceh Menurut Profesi.[37],Lainnya
Aceh,Rasyid Ismail, Pengusaha, , , ,Tokoh Asal Aceh Menurut Profesi.[37],Lainnya
Aceh,M. Thahir, dirjen pengairan Departemen PU, , , ,Tokoh Asal Aceh Menurut Profesi.[37],Lainnya
Aceh,Surya Paloh, pengusaha media, pemimpin Nasdem, , , ,Tokoh Asal Aceh Menurut Profesi.[37],Lainnya
Aceh,Teuku Markam, konglomerat Orde Lama, menyumbang 38 kg emas monas, , , ,Tokoh Asal Aceh Menurut Profesi.[37],Lainnya
Aceh,Zurbandi Daud, Presiden Direktur Kimia Farma Apotek, Direktur Umum dan SDM Kimia Farma Holding, , , ,Tokoh Asal Aceh Menurut Profesi.[37],Lainnya
Aceh,Abdul Madjid Ibrahim, gubernur Aceh ke 12, , , ,Tokoh Asal Aceh Menurut Profesi.[37],Lainnya
Aceh,Abdul Razak, gubernur Aceh ke 7, , , ,Tokoh Asal Aceh Menurut Profesi.[37],Lainnya
Aceh,Abdul Wahab, gubernur Aceh ke 6, , , ,Tokoh Asal Aceh Menurut Profesi.[37],Lainnya
Aceh,Abdullah Puteh, gubernur Aceh ke 18, , , ,Tokoh Asal Aceh Menurut Profesi.[37],Lainnya
Aceh,Abdullah Muzakir Walad, gubernur Aceh ke 11, , , ,Tokoh Asal Aceh Menurut Profesi.[37],Lainnya
Aceh,Asbi Wahidi, gubernur Aceh ke 10, , , ,Tokoh Asal Aceh Menurut Profesi.[37],Lainnya
Aceh,Ayah Sofyan, juru bicara GAM wilayah Aceh Besar, , , ,Tokoh Asal Aceh Menurut Profesi.[37],Lainnya
Aceh,Danu Broto, gubernur Aceh ke 4, , , ,Tokoh Asal Aceh Menurut Profesi.[37],Lainnya
Aceh,Eddy Sabara, gubernur Aceh ke 13, , , ,Tokoh Asal Aceh Menurut Profesi.[37],Lainnya
Aceh,Ferry Mursyidan Baldan, politisi, parlemen Indonesia, , , ,Tokoh Asal Aceh Menurut Profesi.[37],Lainnya
Aceh,Hadi Thayeb, gubernur Aceh ke 14, , , ,Tokoh Asal Aceh Menurut Profesi.[37],Lainnya
Aceh,Hasan di Tiro, pemimpin GAM, , , ,Tokoh Asal Aceh Menurut Profesi.[37],Lainnya
Aceh,Irwandi Yusuf, gubernur Aceh ke 21, tokoh GAM, , , ,Tokoh Asal Aceh Menurut Profesi.[37],Lainnya
Aceh,Ismail Hassan Metareum, mantan ketua umum PPP dan HMI, , , ,Tokoh Asal Aceh Menurut Profesi.[37],Lainnya
Aceh,Malik Mahmud al-Haytar, Mantan Perdana Menteri GAM, Wali Nanggoe Aceh ke 9, , , ,Tokoh Asal Aceh Menurut Profesi.[37],Lainnya
Aceh,Muhammad Nasir Djamil, politisi, parlemen Indonesia, , , ,Tokoh Asal Aceh Menurut Profesi.[37],Lainnya
Aceh,Muhammad Nazar, wakil gubernur Aceh, tokoh SIRA, , , ,Tokoh Asal Aceh Menurut Profesi.[37],Lainnya
Aceh,Muzakir Manaf, wakil gubernur Aceh, mantan Panglima GAM, , , ,Tokoh Asal Aceh Menurut Profesi.[37],Lainnya
Aceh,Nyak Adam Kamil, gubernur Aceh ke 9, , , ,Tokoh Asal Aceh Menurut Profesi.[37],Lainnya
Aceh,Raihan Iskandar, politisi, parlemen Indonesia, , , ,Tokoh Asal Aceh Menurut Profesi.[37],Lainnya
Aceh,Ramli Ridwan, gubernur Aceh ke 17, , , ,Tokoh Asal Aceh Menurut Profesi.[37],Lainnya
Aceh,Tan Sri Sanusi Juned, politisi Malaysia, cucu dari Teungku Muhammad Daud Beureueh, , , ,Tokoh Asal Aceh Menurut Profesi.[37],Lainnya
Aceh,Syamsudin Mahmud, gubernur Aceh ke 16, , , ,Tokoh Asal Aceh Menurut Profesi.[37],Lainnya
Aceh,Tagore Abubakar, Anggota DPR-RI, , , ,Tokoh Asal Aceh Menurut Profesi.[37],Lainnya
Aceh,Tarmizi Abdul Karim, pejabat gubernur Aceh, , , ,Tokoh Asal Aceh Menurut Profesi.[37],Lainnya
Aceh,Teuku Daud Syah, gubernur Aceh ke 2, , , ,Tokoh Asal Aceh Menurut Profesi.[37],Lainnya
Aceh,Teuku Muhammad Nurlif, Anggota DPR, Wakil Sekjen DPP Partai Golkar, Anggota Badan Pemeriksa Keungan, , , ,Tokoh Asal Aceh Menurut Profesi.[37],Lainnya
Aceh,Teuku Sulaiman Daud, gubernur Aceh ke 5, , , ,Tokoh Asal Aceh Menurut Profesi.[37],Lainnya
Aceh,Zaini Abdullah, gubernur Aceh ke 22, mantan kombatan GAM, , , ,Tokoh Asal Aceh Menurut Profesi.[37],Lainnya
Aceh,Zakaria Saman, Mantan Menteri Pertahanan GAM, Tokoh Perdamaian Aceh., , , ,Tokoh Asal Aceh Menurut Profesi.[37],Lainnya
Aceh,Adnan PMTOH, Seniman Tutur Aceh, , , ,Tokoh Asal Aceh Menurut Profesi.[37],Lainnya
Aceh,Anzib Lamnyong, penulis hikayat Aceh, , , ,Tokoh Asal Aceh Menurut Profesi.[37],Lainnya
Aceh,Iwan Gayo, penulis buku, jurnalis, , , ,Tokoh Asal Aceh Menurut Profesi.[37],Lainnya
Aceh,Lesik Kati Ara (L.K Ara), penyair, , , ,Tokoh Asal Aceh Menurut Profesi.[37],Lainnya
Aceh,Teungku Chik Pante Kulu, penulis hikayat Prang Sabi, , , ,Tokoh Asal Aceh Menurut Profesi.[37],Lainnya
Aceh,Zainal Afif, penyair yang menjadi warga negara Swedia, , , ,Tokoh Asal Aceh Menurut Profesi.[37],Lainnya
Aceh,Ani Sumadi, ratu kuis, , , ,Tokoh Asal Aceh Menurut Profesi.[37],Lainnya
Aceh,Bram Aceh, penyanyi, Bapak Keroncong Indonesia, , , ,Tokoh Asal Aceh Menurut Profesi.[37],Lainnya
Aceh,Dani Daoed, Designer, Perupa,Pematung, , , ,Tokoh Asal Aceh Menurut Profesi.[37],Lainnya
Aceh,Nayato Fio Nuala, sutradara, , , ,Tokoh Asal Aceh Menurut Profesi.[37],Lainnya
Aceh,Nya' Abbas Akup, sutradara, Bapak Film Komedi Indonesia, , , ,Tokoh Asal Aceh Menurut Profesi.[37],Lainnya
Aceh,Nya Ina Raseuki ahli musik etnis, , , ,Tokoh Asal Aceh Menurut Profesi.[37],Lainnya
Aceh,Di Muhammad Devirzha, penyanyi, , , ,Tokoh Asal Aceh Menurut Profesi.[37],Lainnya
Aceh,Tompi, penyanyi Jazz., , , ,Tokoh Asal Aceh Menurut Profesi.[37],Lainnya
Aceh,Ali Mughayat Syah dari Aceh, pendiri Kesultanan Aceh, , , ,Tokoh Asal Aceh Menurut Profesi.[37],Lainnya
Aceh,Sultan Salahuddin ibn Ali Malik az Zahir, , , ,Tokoh Asal Aceh Menurut Profesi.[37],Lainnya
Aceh,Sultan Alauddin ibn Ali Malik az Zahir, , , ,Tokoh Asal Aceh Menurut Profesi.[37],Lainnya
Aceh,Sultan Ali ibn Alauddin Malik az Zahir, , , ,Tokoh Asal Aceh Menurut Profesi.[37],Lainnya
Aceh,Sultan Malikussaleh, pendiri Kesultanan Samudra Pasai, , , ,Tokoh Asal Aceh Menurut Profesi.[37],Lainnya
Aceh,Sultan Muda, , , ,Tokoh Asal Aceh Menurut Profesi.[37],Lainnya
Aceh,Sri Alam dari Aceh, , , ,Tokoh Asal Aceh Menurut Profesi.[37],Lainnya
Aceh,Sultan Zainal Abidin ibn Abdullah, , , ,Tokoh Asal Aceh Menurut Profesi.[37],Lainnya
Aceh,Sultan Alauddin Mansur Syah ibn Ahmad, , , ,Tokoh Asal Aceh Menurut Profesi.[37],Lainnya
Aceh,Sultan Ali ibn Munawar Syah, , , ,Tokoh Asal Aceh Menurut Profesi.[37],Lainnya
Aceh,Sultan Alauddin Riayat Syah Sayyid al-Mukammil, , , ,Tokoh Asal Aceh Menurut Profesi.[37],Lainnya
Aceh,Sultan Ali Riayat Syah, , , ,Tokoh Asal Aceh Menurut Profesi.[37],Lainnya
Aceh,Sultan Iskandar Muda Johan Pahlawan Meukuta Alam, , , ,Tokoh Asal Aceh Menurut Profesi.[37],Lainnya
Aceh,Sultan Iskandar Tsani Alauddin Mughayat Syah, , , ,Tokoh Asal Aceh Menurut Profesi.[37],Lainnya
Aceh,Sri Ratu Safiatuddin Tajul Alam, , , ,Tokoh Asal Aceh Menurut Profesi.[37],Lainnya
Aceh,Sri Ratu Naqiatuddin Nurul Alam, , , ,Tokoh Asal Aceh Menurut Profesi.[37],Lainnya
Aceh,Sri Ratu Zaqiatuddin Inayat Syah, , , ,Tokoh Asal Aceh Menurut Profesi.[37],Lainnya
Aceh,Sri Ratu Zainatuddin Kamalat Syah, , , ,Tokoh Asal Aceh Menurut Profesi.[37],Lainnya
Aceh,Sultan Badrul Alam Syarif Hasyim Jamaluddin, , , ,Tokoh Asal Aceh Menurut Profesi.[37],Lainnya
Aceh,Sultan Perkasa Alam Syarif Lamtui, , , ,Tokoh Asal Aceh Menurut Profesi.[37],Lainnya
Aceh,Sultan Jamalul Alam Badrul Munir, , , ,Tokoh Asal Aceh Menurut Profesi.[37],Lainnya
Aceh,Sultan Jauharul Alam Aminuddin*, , , ,Tokoh Asal Aceh Menurut Profesi.[37],Lainnya
Aceh,Sultan Syamsul Alam, , , ,Tokoh Asal Aceh Menurut Profesi.[37],Lainnya
Aceh,Sultan Alauddin Ahmad Syah, , , ,Tokoh Asal Aceh Menurut Profesi.[37],Lainnya
Aceh,Sultan Alauddin Johan Syah, , , ,Tokoh Asal Aceh Menurut Profesi.[37],Lainnya
Aceh,Sultan Alauddin Mahmud Syah I, , , ,Tokoh Asal Aceh Menurut Profesi.[37],Lainnya
Aceh,Sultan Badruddin Johan Syah, , , ,Tokoh Asal Aceh Menurut Profesi.[37],Lainnya
Aceh,Sultan Sulaiman Syah, , , ,Tokoh Asal Aceh Menurut Profesi.[37],Lainnya
Aceh,Alauddin Muhammad Syah, , , ,Tokoh Asal Aceh Menurut Profesi.[37],Lainnya
Aceh,Sultan Alauddin Jauhar al-Alam, , , ,Tokoh Asal Aceh Menurut Profesi.[37],Lainnya
Aceh,Sultan Syarif Saif al-Alam, , , ,Tokoh Asal Aceh Menurut Profesi.[37],Lainnya
Aceh,Sultan Muhammad Syah, , , ,Tokoh Asal Aceh Menurut Profesi.[37],Lainnya
Aceh,Sultan Sulaiman Ali Iskandar Syah, , , ,Tokoh Asal Aceh Menurut Profesi.[37],Lainnya
Aceh,Sultan Mansur Syah, , , ,Tokoh Asal Aceh Menurut Profesi.[37],Lainnya
Aceh,Sultan Mahmud Syah, , , ,Tokoh Asal Aceh Menurut Profesi.[37],Lainnya
Aceh,Muhammad Daud Syah dari Aceh, , , ,Tokoh Asal Aceh Menurut Profesi.[37],Lainnya
Aceh,Syeikh Abbas Kuta Karang, ulama, intelektual, ahli astrologi, , , ,Tokoh Asal Aceh Menurut Profesi.[37],Lainnya
Aceh,Syeikh Abdullah Al-Asyi, , , ,Tokoh Asal Aceh Menurut Profesi.[37],Lainnya
Aceh,Syeikh Abdurrauf as-Singkili, ulama Syattariyah, , , ,Tokoh Asal Aceh Menurut Profesi.[37],Lainnya
Aceh,Syeikh Daud Rumi, , , ,Tokoh Asal Aceh Menurut Profesi.[37],Lainnya
Aceh,Syeikh Hamzah al-Fansuri, ulama Sufi, sastrawan, , , ,Tokoh Asal Aceh Menurut Profesi.[37],Lainnya
Aceh,Syeikh Ismail bin Abdul Muthalib Al-Asyi, ulama Syattariyah, , , ,Tokoh Asal Aceh Menurut Profesi.[37],Lainnya
Aceh,Syeikh Jalaluddin Tursany, , , ,Tokoh Asal Aceh Menurut Profesi.[37],Lainnya
Aceh,Syeikh Jamaluddin, , , ,Tokoh Asal Aceh Menurut Profesi.[37],Lainnya
Aceh,Syeikh Muhammad bin Ahmad Khatib, , , ,Tokoh Asal Aceh Menurut Profesi.[37],Lainnya
Aceh,Syeikh Muhammad Zein, , , ,Tokoh Asal Aceh Menurut Profesi.[37],Lainnya
Aceh,Syeikh Nuruddin al-Raniri, , , ,Tokoh Asal Aceh Menurut Profesi.[37],Lainnya
Aceh,Syeikh Syamsuddin Sumatrany, , , ,Tokoh Asal Aceh Menurut Profesi.[37],Lainnya
Aceh,B. M. Diah, , , ,Tokoh Asal Aceh Menurut Profesi.[37],Lainnya
Aceh,Datuk Makhudum Sati, pimpinan penjaga keamanan istana Sultan Jamalul Badrul Munir, , , ,Tokoh Asal Aceh Menurut Profesi.[37],Lainnya
Bali,Dokar, kendaraan dengan menggunakan kuda sebagai penarik dikenal sebagai delman di tempat lain, , , , ,Transportasi
Bali,Ojek, taksi sepeda motor (sebagian sudah berbasis di intenet), , , , ,Transportasi
Bali,Bemo/angkot, melayani dalam dan antarkota, , , , ,Transportasi
Bali,Bus Trans Sarbagita ( Koridor 1 < Kota - Garuda Wisnu Kencana (GWK) >) Dan (Koridor 2 < Nusa Dua - Batubulan>), , , , ,Transportasi
Bali,Taksi (sebagian sudah mempunyai aplikasi di smart phone), , , , ,Transportasi
Bali,Komotra, bus yang melayani perjalanan ke kawasan pantai Kuta dan sekitarnya, , , , ,Transportasi
Bali,Bus, melayani hubungan antarkota, pedesaan, dan antarprovinsi., , , , ,Transportasi
Bali,Gamelan, , , ,Musik,Budaya
Bali,Jegog, , , ,Musik,Budaya
Bali,Genggong, , , ,Musik,Budaya
Bali,Silat Bali, , , ,Musik,Budaya
Bali,Sang Hyang Dedari, , ,Tarian wali,Tari,Budaya
Bali,Sang Hyang Jaran, , ,Tarian wali,Tari,Budaya
Bali,Tari Rejang, , ,Tarian wali,Tari,Budaya
Bali,Tari Baris, , ,Tarian wali,Tari,Budaya
Bali,Tari Topeng, , ,Tarian bebali,Tari,Budaya
Bali,Gambuh, , ,Tarian bebali,Tari,Budaya
Bali,Tari Legong, , ,Tarian balih-balihan,Tari,Budaya
Bali,Arja, , ,Tarian balih-balihan,Tari,Budaya
Bali,Joged Bumbung, , ,Tarian balih-balihan,Tari,Budaya
Bali,Drama Gong, , ,Tarian balih-balihan,Tari,Budaya
Bali,Barong, , ,Tarian balih-balihan,Tari,Budaya
Bali,Tari Pendet, , ,Tarian balih-balihan,Tari,Budaya
Bali,Tari Kecak, , ,Tarian balih-balihan,Tari,Budaya
Bali,Calon Arang, , ,Tarian balih-balihan,Tari,Budaya
Bali,Tari Janger, , ,Tarian balih-balihan,Tari,Budaya
Bali,Udeng (ikat kepala), , ,Pria,Pakaian daerah,Budaya
Bali,Kain kampuh, , ,Pria,Pakaian daerah,Budaya
Bali,Umpal (selendang pengikat), , ,Pria,Pakaian daerah,Budaya
Bali,Kain wastra (kemben), , ,Pria,Pakaian daerah,Budaya
Bali,Sabuk, , ,Pria,Pakaian daerah,Budaya
Bali,Keris, , ,Pria,Pakaian daerah,Budaya
Bali,Beragam ornamen perhiasan, , ,Pria,Pakaian daerah,Budaya
Bali,Gelung (sanggul), , ,Wanita,Pakaian daerah,Budaya
Bali,Sesenteng (kemben songket), , ,Wanita,Pakaian daerah,Budaya
Bali,Kain wastra, , ,Wanita,Pakaian daerah,Budaya
Bali,Sabuk prada (stagen), membelit pinggul dan dada, , ,Wanita,Pakaian daerah,Budaya
Bali,Selendang songket bahu ke bawah, , ,Wanita,Pakaian daerah,Budaya
Bali,Kain tapih atau sinjang, di sebelah dalam, , ,Wanita,Pakaian daerah,Budaya
Bali,Beragam ornamen perhiasan, , ,Wanita,Pakaian daerah,Budaya
Bali,Ayam betutu, , ,Makanan utama,Makanan,Budaya
Bali,Babi guling, , ,Makanan utama,Makanan,Budaya
Bali,Be Kokak Mekuah, , ,Makanan utama,Makanan,Budaya
Bali,Be Pasih mesambel matah, , ,Makanan utama,Makanan,Budaya
Bali,Bebek betutu, , ,Makanan utama,Makanan,Budaya
Bali,Berengkes, , ,Makanan utama,Makanan,Budaya
Bali,Grangasem, , ,Makanan utama,Makanan,Budaya
Bali,Jejeruk, , ,Makanan utama,Makanan,Budaya
Bali,Jukut Urab, , ,Makanan utama,Makanan,Budaya
Bali,Komoh, , ,Makanan utama,Makanan,Budaya
Bali,Lawar, , ,Makanan utama,Makanan,Budaya
Bali,Nasi Bubuh, , ,Makanan utama,Makanan,Budaya
Bali,Nasi Tepeng, , ,Makanan utama,Makanan,Budaya
Bali,Penyon, , ,Makanan utama,Makanan,Budaya
Bali,Sate Kablet, , ,Makanan utama,Makanan,Budaya
Bali,Sate Babi Guling, , ,Makanan utama,Makanan,Budaya
Bali,Sate Pusut, , ,Makanan utama,Makanan,Budaya
Bali,Sate Lilit, , ,Makanan utama,Makanan,Budaya
Bali,Sate pentul, , ,Makanan utama,Makanan,Budaya
Bali,Sate penyu, , ,Makanan utama,Makanan,Budaya
Bali,Sate Tusuk, , ,Makanan utama,Makanan,Budaya
Bali,Timbungan, , ,Makanan utama,Makanan,Budaya
Bali,Jukut Ares, , ,Makanan utama,Makanan,Budaya
Bali,Tum, , ,Makanan utama,Makanan,Budaya
Bali,Urutan Tabanan, , ,Makanan utama,Makanan,Budaya
Bali,Pesan Be Pasih, , ,Makanan utama,Makanan,Budaya
Bali,Bubuh Sagu, , ,Jajanan,Makanan,Budaya
Bali,Bubuh Sumsum, , ,Jajanan,Makanan,Budaya
Bali,Bubuh Tuak, , ,Jajanan,Makanan,Budaya
Bali,Jaja Batun Duren, , ,Jajanan,Makanan,Budaya
Bali,Jaja Begina, , ,Jajanan,Makanan,Budaya
Bali,Jaja Bendu, , ,Jajanan,Makanan,Budaya
Bali,Jaja Bikang, , ,Jajanan,Makanan,Budaya
Bali,Jaja Engol, , ,Jajanan,Makanan,Budaya
Bali,Jaja Lukis, , ,Jajanan,Makanan,Budaya
Bali,Jaja Godoh, , ,Jajanan,Makanan,Budaya
Bali,Jaja Jongkong, , ,Jajanan,Makanan,Budaya
Bali,Jaja Ketimus, , ,Jajanan,Makanan,Budaya
Bali,Jaja Klepon, , ,Jajanan,Makanan,Budaya
Bali,Jaja Lak-Lak, , ,Jajanan,Makanan,Budaya
Bali,Jaja Sumping, , ,Jajanan,Makanan,Budaya
Bali,Jaja Tain Buati, , ,Jajanan,Makanan,Budaya
Bali,Jaja Uli misi Tape, , ,Jajanan,Makanan,Budaya
Bali,Jaja Giling, , ,Jajanan,Makanan,Budaya
Bali,Jaja Wajik, , ,Jajanan,Makanan,Budaya
Bali,Rujak Bulung, , ,Jajanan,Makanan,Budaya
Bali,Rujak Kuah Pindang, , ,Jajanan,Makanan,Budaya
Bali,Rujak Manis, , ,Jajanan,Makanan,Budaya
Bali,Rujak Tibah, , ,Jajanan,Makanan,Budaya
Bali,Salak Bali, , ,Jajanan,Makanan,Budaya
Bali,Jaja Abug, , ,Jajanan,Makanan,Budaya
Bali,Jaja Lempog, , ,Jajanan,Makanan,Budaya
Bali,Jaja Baro-Baro, , ,Jajanan,Makanan,Budaya
Bali,Keris, , , , ,Senjata
Bali,Tombak, , , , ,Senjata
Bali,Tiuk, , , , ,Senjata
Bali,Taji, , , , ,Senjata
Bali,Kandik, , , , ,Senjata
Bali,Caluk, , , , ,Senjata
Bali,Arit, , , , ,Senjata
Bali,Udud, , , , ,Senjata
Bali,Gelewang, , , , ,Senjata
Bali,Trisula, , , , ,Senjata
Bali,Panah, , , , ,Senjata
Bali,Penampad, , , , ,Senjata
Bali,Garot, , , , ,Senjata
Bali,Tulud, , , , ,Senjata
Bali,Kis-Kis, , , , ,Senjata
Bali,Anggapan, , , , ,Senjata
Bali,Berang, , , , ,Senjata
Bali,Blakas, , , , ,Senjata
Bali,Pengiris, , , , ,Senjata
Bali,Pengutik, , , , ,Senjata
Bali,Tah, , , , ,Senjata
Bali,Untung Suropati, , , , ,Pahlawan Nasional
Bali,I Gusti Ngurah Rai, , , , ,Pahlawan Nasional
Bali,I Gusti Ketut Jelantik, , , , ,Pahlawan Nasional
Bali,Road to Bali, film komedi Hollywood tahun 1952 yang dibintangi oleh Bing Crosby dan Bob Hope, , , , ,Dalam budaya populer
Bali,Eat Pray Love, film drama Hollywood tahun 2010 yang dibintangi oleh Julia Roberts, , , , ,Dalam budaya populer
Banten,Wilayah datar (kemiringan 0-2 %) seluas 574.090 hektare, , , ,Topografi,Geografis
Banten,Wilayah bergelombang (kemiringan 2-15%) seluas 186.320 hektare, , , ,Topografi,Geografis
Banten,Wilayah curam (kemiringan 15-40%) seluas 118.470,50 hektare, , , ,Topografi,Geografis
Banten,Kabupaten Tangerang sebelumnya beribu kota di Kota Tangerang., , , ,Kabupaten dan Kota,Pemerintahan
Banten,Badan Pengkajian, dan Penerapan Teknologi (BPPT) merekomendasikan Kecamatan Ciruas sebagai lokasi Puspemkab Kabupaten Serang., , , ,Kabupaten dan Kota,Pemerintahan
Banten,Kota Cilegon dibentuk sebagai kota otonom pada tanggal 10 April 1999 dari wilayah Kabupaten Serang. Cilegon sebelumnya adalah kota administratif., , , ,Kabupaten dan Kota,Pemerintahan
Banten,Kota Tangerang dibentuk sebagai kota otonom pada tanggal 27 Februari 1993 dari wilayah Kabupaten Tangerang. Tangerang sebelumnya adalah kota administratif., , , ,Kabupaten dan Kota,Pemerintahan
Banten,Kota Tangerang Selatan dibentuk sebagai kota otonom pada tanggal 29 Oktober 2008 dari wilayah Kabupaten Tangerang. Sebelumnya adalah Kota Cipasera, , , ,Kabupaten dan Kota,Pemerintahan
Banten,Anyer, Kabupaten Serang, , , ,Daerah-daerah penting lain,Pemerintahan
Banten,Balaraja, Kabupaten Tangerang, , , ,Daerah-daerah penting lain,Pemerintahan
Banten,Bojonegara, Kabupaten Serang, , , ,Daerah-daerah penting lain,Pemerintahan
Banten,Cikande, Kabupaten Serang, , , ,Daerah-daerah penting lain,Pemerintahan
Banten,Cikupa, Kabupaten Tangerang, , , ,Daerah-daerah penting lain,Pemerintahan
Banten,Ciledug, Kota Tangerang, , , ,Daerah-daerah penting lain,Pemerintahan
Banten,Karawaci, Kota Tangerang, , , ,Daerah-daerah penting lain,Pemerintahan
Banten,Labuan, Kabupaten Pandeglang, , , ,Daerah-daerah penting lain,Pemerintahan
Banten,Maja, Kabupaten Lebak, , , ,Daerah-daerah penting lain,Pemerintahan
Banten,Merak, Kota Cilegon, , , ,Daerah-daerah penting lain,Pemerintahan
Banten,Pamulang Kota Tangerang Selatan, , , ,Daerah-daerah penting lain,Pemerintahan
Banten,Serpong, Kota Tangerang Selatan, , , ,Daerah-daerah penting lain,Pemerintahan
Banten,Tigaraksa, Kabupaten Tangerang, , , ,Daerah-daerah penting lain,Pemerintahan
Banten,Tanjung Lesung, Kabupaten Pandeglang, , , ,Daerah-daerah penting lain,Pemerintahan
Banten,Universitas Sultan Ageng Tirtayasa, , , ,Perguruan Tinggi Negeri,Pendidikan
Banten,UIN Sultan Maulana Hasanuddin, , , ,Perguruan Tinggi Negeri,Pendidikan
Banten,Universitas Pendidikan Indonesia, Serang, , , ,Perguruan Tinggi Negeri,Pendidikan
Banten,Universitas Islam Negeri Syarif Hidayatullah Jakarta, , , ,Perguruan Tinggi Negeri,Pendidikan
Banten,Universitas Terbuka, Pondok Cabe, , , ,Perguruan Tinggi Negeri,Pendidikan
Banten,Sekolah Tinggi Agama Buddha Negeri Sriwijaya Tangerang, , , ,Perguruan Tinggi Negeri,Pendidikan
Banten,Politeknik Keuangan Negara STAN, lokasi di Kecamatan Pondok Aren (Bintaro), Tangerang Selatan, , , ,Perguruan Tinggi Kedinasan,Pendidikan
Banten,Sekolah Tinggi Meteorologi, Klimatologi, dan Geofisika, lokasi di Kelurahan Pondok Betung, Kecamatan Pondok Aren (Bintaro), Tangerang Selatan, , , ,Perguruan Tinggi Kedinasan,Pendidikan
Banten,Sekolah Tinggi Penerbangan Indonesia Curug, , , ,Perguruan Tinggi Kedinasan,Pendidikan
Banten,Universitas Serang Raya, Serang, Banten, , , ,Perguruan Tinggi Swasta,Pendidikan
Banten,STIE DWIMULYA, Serang, Banten, , , ,Perguruan Tinggi Swasta,Pendidikan
Banten,Institut Teknologi Indonesia, Serpong, Tangerang Selatan, , , ,Perguruan Tinggi Swasta,Pendidikan
Banten,Universitas Pelita Harapan, Karawaci, Tangerang, , , ,Perguruan Tinggi Swasta,Pendidikan
Banten,Universitas Gunadarma, Kampus K, Karawaci, Tangerang, , , ,Perguruan Tinggi Swasta,Pendidikan
Banten,Universitas Pamulang, Pamulang,Tangerang Selatan, , , ,Perguruan Tinggi Swasta,Pendidikan
Banten,Universitas Multimedia Nusantara, Summarecon Serpong, Tangerang, , , ,Perguruan Tinggi Swasta,Pendidikan
Banten,Surya University, Summarecon Serpong, Tangerang, , , ,Perguruan Tinggi Swasta,Pendidikan
Banten,Universitas Bina Nusantara Kampus Alam Sutera, , , ,Perguruan Tinggi Swasta,Pendidikan
Banten,Universitas Pembangunan Jaya, , , ,Perguruan Tinggi Swasta,Pendidikan
Banten,Universitas Teknologi Nusantara Cilegon, , , ,Perguruan Tinggi Swasta,Pendidikan
Banten,Universitas Swiss German Serpong, , , ,Perguruan Tinggi Swasta,Pendidikan
Banten,Universitas Pamulang, , , ,Perguruan Tinggi Swasta,Pendidikan
Banten,Universitas Islam Syekh Yusuf Tangerang, , , ,Perguruan Tinggi Swasta,Pendidikan
Banten,Universitas Muhammadiyah Jakarta, , , ,Perguruan Tinggi Swasta,Pendidikan
Banten,Universitas Muhammadiyah Tangerang, , , ,Perguruan Tinggi Swasta,Pendidikan
Banten,Universitas Pramita Indonesia, , , ,Perguruan Tinggi Swasta,Pendidikan
Banten,Universitas Mathla'ul Anwar Banten, , , ,Perguruan Tinggi Swasta,Pendidikan
Banten,Universitas Banten Jaya Serang, Banten, , , ,Perguruan Tinggi Swasta,Pendidikan
Banten,Sekolah Tinggi Manajemen Prasetiya Mulya, Bumi Serpong Damai, , , ,Perguruan Tinggi Swasta,Pendidikan
Banten,Sekolah Tinggi Ilmu Ekonomi Bina Bangsa Banten (STIE Bina Bangsa Banten), , , ,Perguruan Tinggi Swasta,Pendidikan
Banten,Sekolah Tinggi Ilmu Ekonomi Banten, , , ,Perguruan Tinggi Swasta,Pendidikan
Banten,Sekolah Tinggi Ilmu Sosial dan Ilmu Politik Yuppentek Tangerang, , , ,Perguruan Tinggi Swasta,Pendidikan
Banten,STIA Maulana Yusuf Banten, , , ,Perguruan Tinggi Swasta,Pendidikan
Banten,STAKAD, , , ,Perguruan Tinggi Swasta,Pendidikan
Banten,STKIP Setia Budhi Rangkasbitung, , , ,Perguruan Tinggi Swasta,Pendidikan
Banten,Bina Sarana Informatika, , , ,Perguruan Tinggi Swasta,Pendidikan
Banten,Perguruan Tinggi Raharja Tangerang, , , ,Perguruan Tinggi Swasta,Pendidikan
Banten,Politeknik Piksi Input Serang, , , ,Perguruan Tinggi Swasta,Pendidikan
Banten,Politeknik Krakatau, , , ,Perguruan Tinggi Swasta,Pendidikan
Banten,Institut Ilmu Al Qur`an, , , ,Perguruan Tinggi Swasta,Pendidikan
Banten,Sekolah Tinggi Agama Islam Darul Qalam, , , ,Perguruan Tinggi Swasta,Pendidikan
Banten,Sekolah Tinggi Keguruan Ilmu Pendidikan Surya, Gading Serpong, , , ,Perguruan Tinggi Swasta,Pendidikan
Banten,Sekolah Tinggi Agama Cahaya Madani Boarding School, , , ,Perguruan Tinggi Swasta,Pendidikan
Banten,Sekolah Tinggi Ilmu Administrasi Banten (Pandeglang), , , ,Perguruan Tinggi Swasta,Pendidikan
Banten,Gedung Badan Perpustakaan, , , , ,Ekonomi dan kependudukan
Banten,dan Arsip Daerah Provinsi Banten, , , , ,Ekonomi dan kependudukan
Banten,Wilayah Kerja I, yaitu Kota Tangerang, dan Kabupaten Tangerang. Di dalamnya terdapat Bandar Udara Internasional Soekarno-Hatta yang merupakan gerbang masuknya barang, dan penumpang melalui transportasi udara ke Indonesia., , , , ,Transportasi
Banten,Wilayah Kerja II, yaitu Kota Cilegon, dan Kabupaten Serang. Di dalamnya terdapat pelabuhan penyeberangan Merak yang menjadi gerbang masuknya barang, dan penumpang dari Pulau Sumatera ke Pulau Jawa., , , , ,Transportasi
Banten,Wilayah Kerja III, yaitu Kabupaten Pandeglang, dan Kabupaten Lebak. Di dalamnya terdapat Stasiun Kereta Api yang merupakan gerbang masuk barang, dan penumpang terutama dari, dan ke Jakarta., , , , ,Transportasi
Banten,Jalur Kaduengang yang sangat populer bagi para pendaki karena waktu tempuh menuju puncak lebih pendek sekitar 4 - 5 jam dengan trek yang terus menanjak hingga kemiringan 75 derajat., , , ,Gunung Karang,Tempat wisata di Banten
Banten,Jalur Ciekek yang tidak terlalu populer bagi para pendaki, walaupun kondisi trek di jalur ini terbilang cukup landai namun untuk menuju puncak membutuhkan waktu yang lama sekitar 7 - 8 jam perjalanan., , , ,Gunung Karang,Tempat wisata di Banten
Bengkulu,Tari Tombak Kerbau, , , ,Tari tradisional,Seni dan budaya
Bengkulu,Tari Putri Gading Cempaka, , , ,Tari tradisional,Seni dan budaya
Bengkulu,Tari Pukek, , , ,Tari tradisional,Seni dan budaya
Bengkulu,Tari Andun, , , ,Tari tradisional,Seni dan budaya
Bengkulu,Tari Kejei, , , ,Tari tradisional,Seni dan budaya
Bengkulu,Tari Penyambutan, , , ,Tari tradisional,Seni dan budaya
Bengkulu,Tari Bidadari Menimang Anak, , , ,Tari tradisional,Seni dan budaya
Bengkulu,Geritan, cerita sambil berlagu., , , ,Seni musik,Seni dan budaya
Bengkulu,Serambeak, seni yang berupa patatah-petitih., , , ,Seni musik,Seni dan budaya
Bengkulu,Andei-andei, seni sastra yang berupa nasihat., , , ,Seni musik,Seni dan budaya
Bengkulu,Sambei, seni vokal khas suku Rejang yang biasanya untuk pesta perkawinan., , , ,Seni musik,Seni dan budaya
Bengkulu,Pantai Panjang, , , ,Wisata alam,Seni dan budaya
Bengkulu,Pantai Pasir Putih, , , ,Wisata alam,Seni dan budaya
Bengkulu,Pantai Laguna Samudra, , , ,Wisata alam,Seni dan budaya
Bengkulu,Pulau Tikus, , , ,Wisata alam,Seni dan budaya
Bengkulu,Danau Dendam Tak Sudah, , , ,Wisata alam,Seni dan budaya
Bengkulu,Tapak Padri dan Pantai Jakat, , , ,Wisata alam,Seni dan budaya
Bengkulu,Taman Hutan Hujan Tropis (Tahura), , , ,Wisata alam,Seni dan budaya
Bengkulu,Taman Berburu Seblat, , , ,Wisata alam,Seni dan budaya
Bengkulu,Taman Wisata Konak, , , ,Wisata alam,Seni dan budaya
Bengkulu,Danau Tes, , , ,Wisata alam,Seni dan budaya
Bengkulu,Danau Gedang dan Bukit Menghijau, , , ,Wisata alam,Seni dan budaya
Bengkulu,Danau Mas Harun Bastari, , , ,Wisata alam,Seni dan budaya
Bengkulu,Danau Musi, , , ,Wisata alam,Seni dan budaya
Bengkulu,Taman Nanua, , , ,Wisata alam,Seni dan budaya
Bengkulu,Tanah Lot Lais, , , ,Wisata alam,Seni dan budaya
Bengkulu,Danau Picung, , , ,Wisata alam,Seni dan budaya
Bengkulu,Taman Wisata Dio Bagite, , , ,Wisata alam,Seni dan budaya
Bengkulu,Danau Tujuh Warna, , , ,Wisata alam,Seni dan budaya
Bengkulu,Benteng Marlborough, , , ,Wisata budaya dan peninggalan sejarah,Seni dan budaya
Bengkulu,Rumah Pengasingan Bung Karno, , , ,Wisata budaya dan peninggalan sejarah,Seni dan budaya
Bengkulu,Parr and Hamilton Monuments, , , ,Wisata budaya dan peninggalan sejarah,Seni dan budaya
Bengkulu,Museum Provinsi Bengkulu, , , ,Wisata budaya dan peninggalan sejarah,Seni dan budaya
Bengkulu,Rejang Lebong, , , ,Wisata budaya dan peninggalan sejarah,Seni dan budaya
Bengkulu,Danau Pematang, , , ,Wisata budaya dan peninggalan sejarah,Seni dan budaya
Bengkulu,Danau Tes, , , ,Wisata budaya dan peninggalan sejarah,Seni dan budaya
Bengkulu,Kolam Renang Tabarena, , , ,Wisata budaya dan peninggalan sejarah,Seni dan budaya
Bengkulu,Air Terjun Kepala Curup, , , ,Wisata budaya dan peninggalan sejarah,Seni dan budaya
Bengkulu,Sungai Air Putih, , , ,Wisata budaya dan peninggalan sejarah,Seni dan budaya
Bengkulu,Makam Sentot Alibasyah, , , ,Wisata budaya dan peninggalan sejarah,Seni dan budaya
Bengkulu,Pusat Pelatihan Gajah, , , ,Wisata budaya dan peninggalan sejarah,Seni dan budaya
Bengkulu,Gunung Kaba, , , ,Wisata budaya dan peninggalan sejarah,Seni dan budaya
Bengkulu,Suban, , , ,Wisata budaya dan peninggalan sejarah,Seni dan budaya
Bengkulu,Padma raksasa, , , ,Objek wisata andalan,Seni dan budaya
Bengkulu,Bunga Kibut (Amorphopalus Titanuum), , , ,Objek wisata andalan,Seni dan budaya
Bengkulu,Anggrek air Vanda Hookeriana, , , ,Objek wisata andalan,Seni dan budaya
Bengkulu,Kekayaan Hutan, , , ,Objek wisata andalan,Seni dan budaya
Bengkulu,Fauna, , , ,Objek wisata andalan,Seni dan budaya
Bengkulu,Upacara Tabut, , , ,Objek wisata andalan,Seni dan budaya
Bengkulu,Upacara Lainnya yang mengiringi Tabut, , , ,Objek wisata andalan,Seni dan budaya
Bengkulu,Taman Laut, , , ,Objek wisata andalan,Seni dan budaya
Bengkulu,Taman Nasional, , , ,Objek wisata andalan,Seni dan budaya
Bengkulu,Taman Berburu, , , ,Objek wisata andalan,Seni dan budaya
Bengkulu,Elephant Training Center (ETC) di Seblat, , , ,Objek wisata andalan,Seni dan budaya
Gorontalo,Suwawa (asal kata Tuwawa), , , , ,Daftar Kota Tua Gorontalo
Gorontalo,Limboto (asal kata Limutu), , , , ,Daftar Kota Tua Gorontalo
Gorontalo,Tapa, , , , ,Daftar Kota Tua Gorontalo
Gorontalo,Tilamuta, , , , ,Daftar Kota Tua Gorontalo
Gorontalo,Kwandang, , , , ,Daftar Kota Tua Gorontalo
Gorontalo,Paguat, , , , ,Daftar Kota Tua Gorontalo
Gorontalo,Marisa, , , , ,Daftar Kota Tua Gorontalo
Gorontalo,Popayato, , , , ,Daftar Kota Tua Gorontalo
Gorontalo,Atinggola, , , , ,Daftar Kota Tua Gorontalo
Gorontalo,"Bumi Serambi Madinah(الأرض بهو المدينة المنورة)'', , , , ,Julukan Gorontalo
Gorontalo,"Bumi Para Sastrawan"', , , , ,Julukan Gorontalo
Gorontalo,"Bumi Maleo", , , , ,Julukan Gorontalo
Gorontalo,"Provinsi Agropolitan"', , , , ,Julukan Gorontalo
Gorontalo,"The Hidden Paradise", , , , ,Julukan Gorontalo
Gorontalo,"Bumi 1001 Sultan", , , , ,Julukan Gorontalo
Gorontalo,Bapak Patriotik, Proklamator Kemerdekaan Indonesia di Gorontalo tanggal 23 Januari 1942, H. Nani Wartabone, , , , ,Tokoh Gorontalo
Gorontalo,Presiden RI ke-3, B.J. Habibie, , , , ,Tokoh Gorontalo
Gorontalo,Bapak Geologi Indonesia, John Ario Katili, , , , ,Tokoh Gorontalo
Gorontalo,Paus Sastra Indonesia, H.B. Jassin, , , , ,Tokoh Gorontalo
Gorontalo,Bapak Industri Elektronik Indonesia, Thayeb Mohamad Gobel, , , , ,Tokoh Gorontalo
Gorontalo,Pakar Bahasa Indonesia, J.S. Badudu, , , , ,Tokoh Gorontalo
Gorontalo,Pahlawan Nasional, dr. Radjiman Wediodiningrat, , , , ,Tokoh Gorontalo
Gorontalo,Menteri Keuangan Indonesia ke-9, Ong Eng Die, , , , ,Tokoh Gorontalo
Gorontalo,Gubernur Sulawesi Utara ke-4, Abdullah Amu, , , , ,Tokoh Gorontalo
Gorontalo,Duta Besar RI untuk Belanda (2006-2010), Junus Effendi Habibie, , , , ,Tokoh Gorontalo
Gorontalo,Suharso Monoarfa.jpg

Anggota Dewan Pertimbangan Presiden Joko Widodo sejak tahun 2015, Suharso Monoarfa, , , , ,Tokoh Gorontalo
Gorontalo,Menteri Perdagangan RI ke-33, Rachmat Gobel, , , , ,Tokoh Gorontalo
Gorontalo,Menteri Negara Pemuda dan Olahraga RI ke-9, DR. Adhyaksa Dault, , , , ,Tokoh Gorontalo
Gorontalo,Menteri Kelautan dan Perikanan ke-4, Ir. Fadel Muhammad Alhaddar, , , , ,Tokoh Gorontalo
Gorontalo,Pengusaha Nasional pendiri Ciputra Group, Ir. Ciputra, , , , ,Tokoh Gorontalo
Gorontalo,Pendiri dan Pemilik Medco Group, Arifin Panigoro, , , , ,Tokoh Gorontalo
Gorontalo,Komisaris Utama Medco Group, Dedi Sjahrir Panigoro, , , , ,Tokoh Gorontalo
Gorontalo,Pendiri PT. Regio Aviasi Industri, Ilham Akbar Habibie, , , , ,Tokoh Gorontalo
Gorontalo,Danny Pomanto wali kota.jpg

Wali kota Makassar ke-27, Ir. Mohammad Ramdhan Pomanto, , , , ,Tokoh Gorontalo
Gorontalo,H. UDIN HIANGGIO.jpg

Wakil Gubernur Kalimantan Utara pertama, Udin Hianggio, , , , ,Tokoh Gorontalo
Gorontalo,Rektor Universitas Hasanuddin ke-12, Prof. DR. Dwia Aries Tina Pulubuhu, , , , ,Tokoh Gorontalo
Gorontalo,Firman Utina.jpg

Pemain Sepak Bola Nasional, Firman Utina, , , , ,Tokoh Gorontalo
Gorontalo,Upiya Karanji atau Songkok Gorontalo yang kini lebih familiar dengan nama Songkok Gusdur., , , , ,Gorontalo dalam Lensa
Gorontalo,Masjid Baiturrahim, Kota Gorontalo, , , , ,Gorontalo dalam Lensa
Gorontalo,Masjid Baiturrahman, Kota Limboto, Kabupaten Gorontalo, , , , ,Gorontalo dalam Lensa
Gorontalo,Pesantren Alam Bubohu, Kabupaten Gorontalo, , , , ,Gorontalo dalam Lensa
Gorontalo,Benteng Otanaha, Kota Gorontalo, , , , ,Gorontalo dalam Lensa
Gorontalo,Rumah Sakit Umum Daerah (RSUD) Prof. dr. Aloei Saboe, Kota Gorontalo, , , , ,Gorontalo dalam Lensa
Gorontalo,Tugu Langga atau Silat Gorontalo di Persimpangan By Pass Kantor Gubernur Gorontalo, , , , ,Gorontalo dalam Lensa
Gorontalo,Kopi Pinogu, Kabupaten Bone Bolango, , , , ,Gorontalo dalam Lensa
Gorontalo,Universitas Negeri Gorontalo, , , , ,Gorontalo dalam Lensa
Gorontalo,IAIN Sultan Amai Gorontalo, , , , ,Gorontalo dalam Lensa
Gorontalo,Persatuan Sepak Bola Gorontalo Persigo, , , , ,Gorontalo dalam Lensa
Gorontalo,Patung Garuda di dermaga Museum Pendaratan Presiden Soekarno, Danau Limboto, , , , ,Gorontalo dalam Lensa
Gorontalo,Bentor merupakan kendaraan khas Gorontalo, , , , ,Gorontalo dalam Lensa
Gorontalo,Pohala'a Gorontalo, , , , ,Sejarah
Gorontalo,Pohala'a Limboto, , , , ,Sejarah
Gorontalo,Pohala'a Suwawa, , , , ,Sejarah
Gorontalo,Pohala'a Bolango kemudian menjadi Pohala'a Boalemo, , , , ,Sejarah
Gorontalo,Pohala'a Atinggola, , , , ,Sejarah
Gorontalo,Berasal dari "Hulontalangio", nama salah satu kerajaan yang dipersingkat menjadi Hulontalo., , , , ,Sejarah
Gorontalo,Berasal dari "Hua Lolontalango" yang artinya orang-orang goa yang berjalan lalu lalang., , , , ,Sejarah
Gorontalo,Berasal dari "Hulontalangi" yang artinya lebih mulia., , , , ,Sejarah
Gorontalo,Berasal dari "Hulua Lo Tola" yang artinya tempat berkembangnya ikan Gabus., , , , ,Sejarah
Gorontalo,Berasal dari "Pongolatalo" atau "Puhulatalo" yang artinya tempat menunggu., , , , ,Sejarah
Gorontalo,Berasal dari Gunung Telu yang artinya tiga buah gunung., , , , ,Sejarah
Gorontalo,Berasal dari "Hunto" suatu tempat yang senantiasa digenangi air, , , , ,Sejarah
Gorontalo,Onder Afdeling Kwandang, , , , ,Sejarah
Gorontalo,Onder Afdeling Boalemo, , , , ,Sejarah
Gorontalo,Onder Afdeling Gorontalo, , , , ,Sejarah
Gorontalo,Distrik Kwandang, , , , ,Sejarah
Gorontalo,Distrik Limboto, , , , ,Sejarah
Gorontalo,Distrik Bone, , , , ,Sejarah
Gorontalo,Distrik Gorontalo, , , , ,Sejarah
Gorontalo,Distrik Boalemo, , , , ,Sejarah
Gorontalo,Afdeling Gorontalo, , , , ,Sejarah
Gorontalo,Afdeling Boalemo, , , , ,Sejarah
Gorontalo,Afdeling Buol, , , , ,Sejarah
Gorontalo,Buatula Bantayo; dikepalai oleh Bate yang bertugas menciptakan peraturan-peraturan dan garis-garis besar tujuan kerajaan., , , ,Sistem Pemerintahan,Sejarah
Gorontalo,Buatula Bubato; dikepalai oleh Raja (Olongia) dan bertugas melaksanakan peraturan serta berusaha mensejahterakan masyarakat., , , ,Sistem Pemerintahan,Sejarah
Gorontalo,Buatula Bala; yang pada mulanya dikepalai oleh Pulubala, bertugas dalam bidang pertahanan dan keamanan., , , ,Sistem Pemerintahan,Sejarah
Gorontalo,Menetapkan adat dan hukum adat., , , ,Sistem Pemerintahan,Sejarah
Gorontalo,Mendampingi serta mengawasi pemerintah., , , ,Sistem Pemerintahan,Sejarah
Gorontalo,Menggugat Raja., , , ,Sistem Pemerintahan,Sejarah
Gorontalo,Memilih dan menobatkan Raja dan pembesar-pembesar lainnya., , , ,Sistem Pemerintahan,Sejarah
Gorontalo,Lambang Daerah Provinsi Gorontalo pada bagian luar berbentuk jantung yang memberi makna kesetiaan sebagai pelindung kehidupan rakyat Gorontalo., , , , ,Lambang Daerah
Gorontalo,Lambang Daerah Provinsi Gorontalo pada bagian dalam berbentuk bulat lonjong atau bulat telur yang memberi makna adanya gagasan, ide atau cita-cita yang indah, yang kelak menetas menjadi sesuatu kesejahteraan hidup rakyat Gorontalo., , , , ,Lambang Daerah
Gorontalo,Lambang Daerah Provinsi Gorontalo dengan bentuk dalam yang menampakkan keserasian formasi gambar yang terdiri dari warna putih di tengah dan diikuti oleh posisi padi-bintang, kapas-rantai memberi makna adanya keteraturan adat, agama, hukum dalam semua pola kehidupan masyarakat., , , , ,Lambang Daerah
Gorontalo,Lambang Daerah Provinsi Gorontalo memiliki nuansa Global :

Warna biru keunguan adalah warna yang memberi makna tenang, setia dan selalu ingin mempertahankan kebenaran dan harapan masa depan yang cerah.
Model pohon kelapa yang melengkung memberi makna gerak dinamis dan tidak diam tetapi selalu berbuat untuk masa depan.
Sayap maleo yang mengembang memberi makna dinamika siap untuk tinggal landas dan siap bersaing.
Buku yang terbuka melambangkan keinginan masyarakat untuk siap meraih prestasi dalam Ilmu Pengetahuan dan Teknologi serta Iman dan Taqwa secara terus menerus.
Bintang mengandung makna global jika dikaitkan dengan cita-cita yang tinggi yaitu "Gantungkan cita-cita setinggi bintang di langit"
Pita mempunyai makna keinginan masyarakat Gorontalo untuk menyerap, merekam dan memiliki ilmu pengetahuan dan teknologi., , , , ,Lambang Daerah
Gorontalo,Warna biru keunguan adalah warna yang memberi makna tenang, setia dan selalu ingin mempertahankan kebenaran dan harapan masa depan yang cerah., , , , ,Lambang Daerah
Gorontalo,Model pohon kelapa yang melengkung memberi makna gerak dinamis dan tidak diam tetapi selalu berbuat untuk masa depan., , , , ,Lambang Daerah
Gorontalo,Sayap maleo yang mengembang memberi makna dinamika siap untuk tinggal landas dan siap bersaing., , , , ,Lambang Daerah
Gorontalo,Buku yang terbuka melambangkan keinginan masyarakat untuk siap meraih prestasi dalam Ilmu Pengetahuan dan Teknologi serta Iman dan Taqwa secara terus menerus., , , , ,Lambang Daerah
Gorontalo,Bintang mengandung makna global jika dikaitkan dengan cita-cita yang tinggi yaitu "Gantungkan cita-cita setinggi bintang di langit", , , , ,Lambang Daerah
Gorontalo,Pita mempunyai makna keinginan masyarakat Gorontalo untuk menyerap, merekam dan memiliki ilmu pengetahuan dan teknologi., , , , ,Lambang Daerah
Gorontalo,Lambang Daerah Gorontalo memiliki nuansa Nasional :

Padi dan Kapas yang mengandung makna kemakmuran dan kesejahteraan seperti pada Pancasila.
Rantai mempunyai makna adanya pengakuan persatuan dan kesatuan dalam kerangka Bhineka Tunggal Ika., , , , ,Lambang Daerah
Gorontalo,Padi dan Kapas yang mengandung makna kemakmuran dan kesejahteraan seperti pada Pancasila., , , , ,Lambang Daerah
Gorontalo,Rantai mempunyai makna adanya pengakuan persatuan dan kesatuan dalam kerangka Bhineka Tunggal Ika., , , , ,Lambang Daerah
Gorontalo,Lambang daerah Gorontalo memiliki nuansa Lokal :

Bintang adalah lambang keagamaan, sehingga selaras dengan filosofi "Adat bersendikan syara, syara bersendikan Kitabullah".
Benteng bermakna masyarakat Gorontalo teguh dan kukuh mempertahankan Harga diri, Martabat, Adat, Agama dan Negara
Rantai mempunyai makna adanya pengakuan persatuan dan kesatuan dalam kerangka Bhineka Tunggal Ika., , , , ,Lambang Daerah
Gorontalo,Bintang adalah lambang keagamaan, sehingga selaras dengan filosofi "Adat bersendikan syara, syara bersendikan Kitabullah"., , , , ,Lambang Daerah
Gorontalo,Benteng bermakna masyarakat Gorontalo teguh dan kukuh mempertahankan Harga diri, Martabat, Adat, Agama dan Negara, , , , ,Lambang Daerah
Gorontalo,Rantai mempunyai makna adanya pengakuan persatuan dan kesatuan dalam kerangka Bhineka Tunggal Ika., , , , ,Lambang Daerah
Gorontalo,Pemaknaan warna dan simbol simbol lainnya dalam lambang

Simbol rantai yang memberi makna pada peristiwa patriotik :

Rantai yang berjumlah 23 butir melambangkan tanggal 23 Januari
Kapas yang berjumlah 19 buah dan padi berjumlah 42 butir melambangkan tahun 1942


Sayap maleo yang berjumlah 16 helai melambangkan lahirnya Provinsi Gorontalo pada tanggal 16 Februari 2000
Warna :

Hijau mempunyai makna kesuburan
Kuning Mempunyai makna keagungan dan Kemuliaan
Putih bermakna Kesucian dan Keluhuran
Merah mempunyai makna keberanian dan perjuangan, , , , ,Lambang Daerah
Gorontalo,Simbol rantai yang memberi makna pada peristiwa patriotik :

Rantai yang berjumlah 23 butir melambangkan tanggal 23 Januari
Kapas yang berjumlah 19 buah dan padi berjumlah 42 butir melambangkan tahun 1942, , , , ,Lambang Daerah
Gorontalo,Rantai yang berjumlah 23 butir melambangkan tanggal 23 Januari, , , , ,Lambang Daerah
Gorontalo,Kapas yang berjumlah 19 buah dan padi berjumlah 42 butir melambangkan tahun 1942, , , , ,Lambang Daerah
Gorontalo,Sayap maleo yang berjumlah 16 helai melambangkan lahirnya Provinsi Gorontalo pada tanggal 16 Februari 2000, , , , ,Lambang Daerah
Gorontalo,Warna :

Hijau mempunyai makna kesuburan
Kuning Mempunyai makna keagungan dan Kemuliaan
Putih bermakna Kesucian dan Keluhuran
Merah mempunyai makna keberanian dan perjuangan, , , , ,Lambang Daerah
Gorontalo,Hijau mempunyai makna kesuburan, , , , ,Lambang Daerah
Gorontalo,Kuning Mempunyai makna keagungan dan Kemuliaan, , , , ,Lambang Daerah
Gorontalo,Putih bermakna Kesucian dan Keluhuran, , , , ,Lambang Daerah
Gorontalo,Merah mempunyai makna keberanian dan perjuangan, , , , ,Lambang Daerah
Gorontalo,Pengembangan tanaman pangan, di versifikasi pangan dan ketahanan pangan daerah;, , , , ,Ekonomi
Gorontalo,Pengembangan agropolitan menuju satu jutaan ton jagung;, , , , ,Ekonomi
Gorontalo,Pengembangan agro bisnis;, , , , ,Ekonomi
Gorontalo,Peningkatan peran dan fungsi kelembagaan petani melalui pembedayaan masyarakat pertanian., , , , ,Ekonomi
Gorontalo,Sayap Burung Maleo, , , ,Simbol Daerah,Kebudayaan
Gorontalo,Ukiran Bambu berkepala Buaya, , , ,Simbol Daerah,Kebudayaan
Gorontalo,Pohon Pinang, , , ,Simbol Daerah,Kebudayaan
Gorontalo,Bentuk Atap menyerupai "Pelana", di mana ciri khas dari Rumah Gorontalo (Bele) adalah atap segitiga bersusun dua. Pada atap bagian pertama (bagian atas) lebih kecil daripada atap kedua (di bawah dari atap pertama). Atap yang paling atas melambangkan keteguhan Orang Gorontalo terhadap keesaan Tuhan dan menempatkan agama di atas segalanya. Sedangkan atap kedua, melambangkan keteguhan Orang Gorontalo terhadap Adat Istiadat serta Budaya yang mengalir deras di dalam darah dan kesehariannya., , , ,Arsitektur,Kebudayaan
Gorontalo,Bentuk Rumah Panggung (Bele), Rumah orang Gorontalo pada dasarnya sama dengan daerah lain di pulau Sulawesi yakni berbentuk Rumah Panggung. Filosofi dari Rumah Panggung Orang Gorontalo dianalogikan seperti bentuk tubuh manusia yang terdiri dari kepala, badan dan kaki. Jumlah Kamar biasanya hanya terdiri dari Kamar Anak Laki-laki yang berada di paling depan, Kamar Utama berada di tengah Rumah dan kamar anak perempuan berada di belakang. Dalam menerima tamu pun bila tamu laki-laki yang bukan mahramnya hanya diperbolehkan bertamu di beranda/teras rumah, sedangkan bila tamu perempuan yang bukan mahramnya harus diterima di dalam ruang pada ruang keluarga yang berada di tengah Rumah. Hal ini dimaksudkan untuk menghindari fitnah dari pertemuan laki-laki dan perempuan yang bukan mahramnya., , , ,Arsitektur,Kebudayaan
Gorontalo,Tiang Pelaminan yang memiliki batok kelapa bersusun-susun, tiang ini sangat identik dengan suku Gorontalo karena bentuknya yang unik dan mudah diingat. Bila melihatnya kita dapat langsung mengasosiasikannya dengan Adat Pernikahan Suku Gorontalo. Tiang khas Gorontalo ini sekarang dapat kita jumpai di bundaran Tugu Bandar Udara Djalaludin, Bundaran Selamat Datang (Hulontalo Indah) bahkan adapula yang menggunakannya sebagai ornamen pagar rumah dan pagar gedung instansi pemerintah., , , ,Arsitektur,Kebudayaan
Gorontalo,Gapura Gorontalo (Alikusu), Gapura Gorontalo atau dalam bahasa daerah disebut Alikusu merupakan salah satu arsitektur khas Gorontalo yang dapat kita jumpai di gerbang masuk kantor instansi pemerintah maupun swasta. di gerbang masuk rumah ibadah (Masjid), Rumah Dinas Pemerintah serta di gerbang masuk jalan raya. Bentuknya yang khas dulunya dibuat dari bambu, namun seiring perkembangan zaman "Alikusu" (Gapura Gorontalo) telah dibuat dari bahan baku besi maupun alumunium agar tahan lama dan bisa digunakan setiap hari., , , ,Arsitektur,Kebudayaan
Gorontalo,Aadati hula-hula to Sara', Sara' hula-hula to Kuru'ani (Adat bersendikan Syara', Syara' bersendikan Al-Quran), , , ,Falsafah Hidup,Kebudayaan
Gorontalo,Mohuyula (Bahu membahu atau Bergotong royong), , , ,Falsafah Hidup,Kebudayaan
Gorontalo,Mopotuwawu Kalibi, Kauli, wawu Pi'ili (Menyatukan Hati, Perkataan, dan Perbuatan), , , ,Falsafah Hidup,Kebudayaan
Gorontalo,Batanga Pomaya, Nyawa Podungalo, Harata Potombulu (Jasad membela tanah air, Jiwa dipertaruhkan, Harta bagi kemaslahatan orang banyak), , , ,Falsafah Hidup,Kebudayaan
Gorontalo,Lo Iya Lo Ta Uwa, Ta Uwa Loloiya, Bo'odila Polusia Hilawo (Pemimpin itu penuh dengan Kewibawaan, Maka tidaklah dirinya Sewenang-wenang), , , ,Falsafah Hidup,Kebudayaan
Gorontalo,Permisi.... = Tabi' ...., , , ,Bahasa daerah,Kebudayaan
Gorontalo,Silahkan... = Toduwolo ...., , , ,Bahasa daerah,Kebudayaan
Gorontalo,Terima Kasih... = Odu'olo ..., , , ,Bahasa daerah,Kebudayaan
Gorontalo,Iya ... = Jo ... (Kata Jo digunakan oleh laki-laki saat menjawab sesuatu), , , ,Bahasa daerah,Kebudayaan
Gorontalo,Iya ... = Saaya ... (huruf 'a' diawal dibaca panjang, kata Saaya digunakan oleh perempuan saat menjawab sesuatu), , , ,Bahasa daerah,Kebudayaan
Gorontalo,Upiya Karanji atau Songkok Gorontalo, songkok ini terbuat dari anyaman rotan dan sangat nyaman digunakan karena memiliki sirkulasi udara yang sangat baik. Presiden RI ke-4, Bapak Abdurrahman Wahid atau yang lebih dikenal dengan Gusdur pun setia menggunakan Songkok Gorontalo ini., , , ,Kerajinan Tangan,Kebudayaan
Gorontalo,Sulaman Karawo atau Sulaman Kerawang, Sulaman khas Gorontalo ini menjadi kekayaan budaya tersendiri dan bernilai seni tinggi. Kini sulaman Karawo tidak hanya diminati di dalam negeri namun juga di luar negeri., , , ,Kerajinan Tangan,Kebudayaan
Gorontalo,Batik Gorontalo, Batik Gorontalo pada dasarnya sama dengan Batik pada umumnya, yang membedakannya hanya pada motif atau corak yang dimuat pada kain batik itu sendiri., , , ,Kerajinan Tangan,Kebudayaan
Gorontalo,Wamilo, , , ,Senjata tradisional,Kebudayaan
Gorontalo,Bitu'o (sejenis Keris), , , ,Senjata tradisional,Kebudayaan
Gorontalo,Sabele (sejenis Parang atau Lilang), , , ,Senjata tradisional,Kebudayaan
Gorontalo,Travalla, , , ,Senjata tradisional,Kebudayaan
Gorontalo,Bili'u, , , ,Pakaian Adat,Kebudayaan
Gorontalo,Mukuta, , , ,Pakaian Adat,Kebudayaan
Gorontalo,Polopalo, , , ,Alat Musik Tradisional,Kebudayaan
Gorontalo,Gambusi, , , ,Alat Musik Tradisional,Kebudayaan
Gorontalo,Walima / Dikili, , , ,Tradisi,Kebudayaan
Gorontalo,Malam Tumbilotohe (Malam Pasang Lampu di 3 hari terakhir bulan Ramadhan), , , ,Tradisi,Kebudayaan
Gorontalo,Tari Dana - dana, , , ,Tarian Adat,Kebudayaan
Gorontalo,Tari Saronde, , , ,Tarian Adat,Kebudayaan
Gorontalo,Tari Langga, , , ,Tarian Adat,Kebudayaan
Gorontalo,Tari Tulude, , , ,Tarian Adat,Kebudayaan
Gorontalo,Tari Elengge, , , ,Tarian Adat,Kebudayaan
Gorontalo,Tari Tanam Padi, , , ,Tarian Adat,Kebudayaan
Gorontalo,Tari Sabe, , , ,Tarian Adat,Kebudayaan
Gorontalo,Tari Mopohuloo / Modepito, , , ,Tarian Adat,Kebudayaan
Gorontalo,Taman Nasional Bogani Nani Wartabone, , , ,Objek wisata lainnya,Pariwisata
Gorontalo,Kawasan Cagar Alam Panua / Burung Maleo, , , ,Objek wisata lainnya,Pariwisata
Gorontalo,Kawasan Hutan Lindung Mangrove, , , ,Objek wisata lainnya,Pariwisata
Gorontalo,Kawasan Hutan Lindung Nantu, , , ,Objek wisata lainnya,Pariwisata
Gorontalo,Kawasan Cagar Alam Otangale, , , ,Objek wisata lainnya,Pariwisata
Gorontalo,Air Terjun Taludaa, , , ,Objek wisata lainnya,Pariwisata
Gorontalo,Panorama Alam Sungai Bone / Jembatan Talumolo II, , , ,Objek wisata lainnya,Pariwisata
Gorontalo,Panorama Alam Jembatan Soeharto Tilamuta, Boalemo, , , ,Objek wisata lainnya,Pariwisata
Gorontalo,Panorama Alam Gunung Tilongkabila, , , ,Objek wisata lainnya,Pariwisata
Gorontalo,Kawasan Cagar Alam Pulau Mas , Pulau Popaya dan Pulau Raja, , , ,Objek wisata lainnya,Pariwisata
Gorontalo,Benteng Oranye Kwandang (peninggalan Portugis), , , ,Objek wisata lainnya,Pariwisata
Gorontalo,Danau Perintis, , , ,Objek wisata lainnya,Pariwisata
Gorontalo,Air Terjun Lombongo, , , ,Objek wisata lainnya,Pariwisata
Gorontalo,Pantai Kelapa Dua dan Pohon Cinta, , , ,Objek wisata lainnya,Pariwisata
Gorontalo,Masjid Jami' Baiturrahim, , , ,Objek wisata lainnya,Pariwisata
Gorontalo,Pentadio Resort, , , ,Objek wisata lainnya,Pariwisata
Gorontalo,Lokasi Pendaratan Presiden Pertama Soekarno, , , ,Objek wisata lainnya,Pariwisata
Gorontalo,Pacuan Karapan Sapi dan Lapangan Golf Yosonegoro, , , ,Objek wisata lainnya,Pariwisata
Gorontalo,Pantai Monano Kwandang, , , ,Objek wisata lainnya,Pariwisata
Gorontalo,Pulau Huha, , , ,Objek wisata lainnya,Pariwisata
Gorontalo,Pantai Logpon, , , ,Objek wisata lainnya,Pariwisata
Gorontalo,Torosiaje / Perkampungan Buku Bajo, , , ,Objek wisata lainnya,Pariwisata
Gorontalo,Pantai Molotabu, , , ,Objek wisata lainnya,Pariwisata
Gorontalo,Pantai Botutonuo, , , ,Objek wisata lainnya,Pariwisata
Gorontalo,Taman Laut Olele, , , ,Objek wisata lainnya,Pariwisata
Gorontalo,Puncak Botu, , , ,Objek wisata lainnya,Pariwisata
Gorontalo,Puncak Meranti, , , ,Objek wisata lainnya,Pariwisata
Gorontalo,Makam Auliya Male Ta' Illayabe, , , ,Objek wisata lainnya,Pariwisata
Gorontalo,Pemandian Sungai Tupa, , , ,Objek wisata lainnya,Pariwisata
Gorontalo,Binte Biluhuta/Milu Siram, , , , ,Makanan Khas
Gorontalo,Ayam Iloni, , , , ,Makanan Khas
Gorontalo,Milu Tongkol dan Gogu, , , , ,Makanan Khas
Gorontalo,Nike / Perkedel, , , , ,Makanan Khas
Gorontalo,Tili Aya, , , , ,Makanan Khas
Gorontalo,Lapangan Taruna Remaja, , , , ,Fasilitas Olahraga
Gorontalo,Gelanggang Remaja / Stadion Merdeka Nani Wartabone, , , , ,Fasilitas Olahraga
Gorontalo,Gelanggang Olahraga 23 Januari Telaga, , , , ,Fasilitas Olahraga
Gorontalo,Stadion Pemuda Boalemo, , , , ,Fasilitas Olahraga
Gorontalo,Sport Center / GOR David-Tonny Kabupaten Gorontalo, , , , ,Fasilitas Olahraga
Gorontalo,TVRI, , , ,Televisi,Media
Gorontalo,RCTI, , , ,Televisi,Media
Gorontalo,SCTV, , , ,Televisi,Media
Gorontalo,O Channel, , , ,Televisi,Media
Gorontalo,Indosiar, , , ,Televisi,Media
Gorontalo,Metro TV, , , ,Televisi,Media
Gorontalo,TV One, , , ,Televisi,Media
Gorontalo,ANTV, , , ,Televisi,Media
Gorontalo,Trans TV, , , ,Televisi,Media
Gorontalo,Trans7, , , ,Televisi,Media
Gorontalo,MNCTV, , , ,Televisi,Media
Gorontalo,Global TV, , , ,Televisi,Media
Gorontalo,iNews TV, , , ,Televisi,Media
Gorontalo,NET, , , ,Televisi,Media
Gorontalo,RTV, , , ,Televisi,Media
Gorontalo,Kompas TV, , , ,Televisi,Media
Gorontalo,BeritaSatu, , , ,Televisi,Media
Gorontalo,CNN Indonesia, , , ,Televisi,Media
Gorontalo,TVRI Gorontalo, , , ,Televisi,Media
Gorontalo,O Channel Gorontalo, , , ,Televisi,Media
Gorontalo,Gorontalo TV, , , ,Televisi,Media
Gorontalo,Civica TV, , , ,Televisi,Media
Gorontalo,Mimoza TV (TV Kabel), , , ,Televisi,Media
Gorontalo,GP TV, , , ,Televisi,Media
Gorontalo,Kosmonita 87,6 Fm, , , ,Radio,Media
Gorontalo,SBCFM 88,4 Mhz, , , ,Radio,Media
Gorontalo,Kharisma 90,0 FM, , , ,Radio,Media
Gorontalo,Nada 90,8 FM, , , ,Radio,Media
Gorontalo,S.A Radio (Sultan Amai) 91.6 FM, , , ,Radio,Media
Gorontalo,RRI Pro 2 92,4 FM, , , ,Radio,Media
Gorontalo,Sajadah 93.2 FM, , , ,Radio,Media
Gorontalo,Be 94.3 FM, , , ,Radio,Media
Gorontalo,SMEK (Suara Menara Keagungan) 95.5 FM, , , ,Radio,Media
Gorontalo,Cerya 95.9 FM, , , ,Radio,Media
Gorontalo,BPKB Radio 94,7 FM, , , ,Radio,Media
Gorontalo,Pro 3 Jakarta Pusat 96.7 FM, , , ,Radio,Media
Gorontalo,Go Radio 97,5 FM, , , ,Radio,Media
Gorontalo,S.K (Swara Karya) 99.1 FM, , , ,Radio,Media
Gorontalo,Suara R.H (Rakyat Hulondhalo) 99.9, , , ,Radio,Media
Gorontalo,Selebes 101 FM, , , ,Radio,Media
Gorontalo,RRI Pro 1 Gorontalo 101,8 FM, , , ,Radio,Media
Gorontalo,Poliyama 103,0 FM, , , ,Radio,Media
Gorontalo,Cek 107.7 FM, , , ,Radio,Media
Gorontalo,SMEK 95,5 FM, , , ,Radio,Media
Gorontalo,Memora Gorontalo 104.2 FM, , , ,Radio,Media
Gorontalo,Gorontalo Post, , , ,Surat Kabar,Media
Gorontalo,Tribun Gorontalo, , , ,Surat Kabar,Media
Gorontalo,Antara Gorontalo, , , ,Surat Kabar,Media
Gorontalo,Radar Gorontalo, , , ,Surat Kabar,Media
Jakarta,Sunda Kelapa (397–1527), , , ,Nama-nama yang pernah diberi untuk kota Jakarta,Sejarah
Jakarta,Jayakarta (1527–1619), , , ,Nama-nama yang pernah diberi untuk kota Jakarta,Sejarah
Jakarta,Batavia (1619–1942), , , ,Nama-nama yang pernah diberi untuk kota Jakarta,Sejarah
Jakarta,Jakarta (1987-1999, 1998-sekarang), , , ,Nama-nama yang pernah diberi untuk kota Jakarta,Sejarah
Jakarta,Ibukota DKI Jakarta (1998-sekarang), , , ,Nama-nama yang pernah diberi untuk kota Jakarta,Sejarah
Jakarta,Daerah Khusus Ibukota Jakarta (1998-sekarang), , , ,Nama-nama yang pernah diberi untuk kota Jakarta,Sejarah
Jakarta,Koridor 1 Blok M - Kota, , , ,Transjakarta,Transportasi
Jakarta,Koridor 2 Pulogadung - Harmoni, , , ,Transjakarta,Transportasi
Jakarta,Koridor 3 Kalideres - Pasar Baru, , , ,Transjakarta,Transportasi
Jakarta,Koridor 4 Pulogadung - Dukuh Atas, , , ,Transjakarta,Transportasi
Jakarta,Koridor 5 Kampung Melayu - Ancol, , , ,Transjakarta,Transportasi
Jakarta,Koridor 6 Ragunan - Latuharhary - Dukuh Atas, , , ,Transjakarta,Transportasi
Jakarta,Koridor 7 Kampung Rambutan - Kampung Melayu, , , ,Transjakarta,Transportasi
Jakarta,Koridor 8 Lebak Bulus - Harmoni, , , ,Transjakarta,Transportasi
Jakarta,Koridor 9 Pluit - Pinang Ranti, , , ,Transjakarta,Transportasi
Jakarta,Koridor 10 Cililitan - Tanjung Priok, , , ,Transjakarta,Transportasi
Jakarta,Koridor 11 Kampung Melayu - Pulo Gebang, , , ,Transjakarta,Transportasi
Jakarta,Koridor 12 Pluit - Tanjung Priok, , , ,Transjakarta,Transportasi
Jakarta,Koridor 13 Tendean - Ciledug, , , ,Transjakarta,Transportasi
Jakarta,Jalur Merah Jakarta Kota - Bogor, lewat Gambir, Manggarai, Pasar Minggu, dan Depok., , , ,Kereta listrik,Transportasi
Jakarta,Jalur Jingga Bogor - Jatinegara / Nambo - Duri, lewat Manggarai, Tanah Abang, Kampung Bandan dan Pasar Senen., , , ,Kereta listrik,Transportasi
Jakarta,Jalur Biru Jakarta Kota - Cikarang, lewat Gambir, Manggarai, dan Jatinegara., , , ,Kereta listrik,Transportasi
Jakarta,Jalur Hijau Tanah Abang - Maja, lewat Kebayoran Lama dan Serpong., , , ,Kereta listrik,Transportasi
Jakarta,Jalur Coklat Duri - Tangerang, lewat Rawa Buaya., , , ,Kereta listrik,Transportasi
Jakarta,Jalur Pink Jakarta Kota - Pelabuhan Tanjung Priok. Saat ini sudah bisa dipergunakan untuk jalur Commuter Line dan angkutan Barang., , , ,Kereta listrik,Transportasi
Jakarta,Bandara Internasional Soekarno-Hatta di Tanggerang,Banten yang melayani penerbangan internasional dan domestik., , , , ,Infrastruktur
Jakarta,Bandara Halim Perdanakusuma yang banyak berfungsi untuk melayani penerbangan kenegaraan serta penerbangan domestik, , , , ,Infrastruktur
Jakarta,Jakarta Timur merupakan kabupaten/kota terbesar di DKI Jakarta, , , , ,Daftar kabupaten dan kota
Jakarta,Jakarta Pusat merupakan pusat pemerintahan Jakarta dan tempat keberadaan istana kepresidenan, , , , ,Daftar kabupaten dan kota
Jakarta,Kawasan Kota Tua di Jakarta Barat, kota administrasi terbesar ke-2, , , , ,Daftar kabupaten dan kota
Jakarta,Kawasan bisnis di Jakarta Selatan, kota adminsitrasi terbesar ke-3, , , , ,Daftar kabupaten dan kota
Jakarta,"Peringkat" merujuk pada peringkat kabupaten/kota dari 1–6 menurut jumlah penduduk., , , , ,Daftar kabupaten dan kota
Jakarta,Ketuk kiri tetikus pada panah atas dan bawah untuk mengurutkan data., , , , ,Daftar kabupaten dan kota
Jakarta,Universitas Negeri Jakarta, , , , ,Pendidikan
Jakarta,Universitas Bina Nusantara, , , , ,Pendidikan
Jakarta,Universitas Persada Indonesia Y.A.I, , , , ,Pendidikan
Jakarta,Universitas Bakrie, , , , ,Pendidikan
Jakarta,Universitas Paramadina, , , , ,Pendidikan
Jakarta,Universitas Pancasila, , , , ,Pendidikan
Jakarta,Universitas Kristen Krida Wacana, , , , ,Pendidikan
Jakarta,Universitas Kristen Indonesia, , , , ,Pendidikan
Jakarta,Universitas Pelita Harapan, , , , ,Pendidikan
Jakarta,Universitas Multimedia Nusantara, , , , ,Pendidikan
Jakarta,Universitas Islam Negeri Syarif Hidayatullah Jakarta, , , , ,Pendidikan
Jakarta,Universitas Trisakti, , , , ,Pendidikan
Jakarta,Universitas Katolik Atma Jaya, , , , ,Pendidikan
Jakarta,Universitas Tarumanegara, , , , ,Pendidikan
Jakarta,Universitas Gunadarma, , , , ,Pendidikan
Jakarta,Universitas Nasional, , , , ,Pendidikan
Jakarta,Universitas Budi Luhur, , , , ,Pendidikan
Jakarta,Universitas Mercu Buana, , , , ,Pendidikan
Jakarta,Universitas Indonusa Esa Unggul, , , , ,Pendidikan
Jakarta,Sekolah Tinggi Ilmu Statistik, , , , ,Pendidikan
Jakarta,Sekolah Tinggi Teknik-PLN, , , , ,Pendidikan
Jakarta,Universitas Al Azhar Indonesia, , , , ,Pendidikan
Jakarta,Universitas Bunda Mulia, , , , ,Pendidikan
Jakarta,Universitas Borobudur, , , , ,Pendidikan
Jakarta,Universitas Jayabaya, , , , ,Pendidikan
Jakarta,Universitas Darma Persada, , , , ,Pendidikan
Jakarta,Universitas Islam Djakarta, , , , ,Pendidikan
Jakarta,Universitas Pembangunan Nasional, , , , ,Pendidikan
Jakarta,Universitas Krisnadwipayana, , , , ,Pendidikan
Jakarta,Institut Sains dan Teknologi Nasional, , , , ,Pendidikan
Jakarta,Grand Indonesia, merupakan salah satu mal terluas dan paling prestisius di Indonesia. Mal ini terbagi menjadi dua distrik, yaitu West Mall dan East Mall. Mal yang terletak di Jalan Thamrin, Jakarta Pusat ini, memiliki luas 250.000 m2, dan menjadi tempat bagi merek-merek papan atas, seperti Zara, Louis Vuitton, Marks & Spencer, Chanel, Burberry, Forever21, GAP, Gucci, Guess, Polo, dan Samuel & Kevin. Termasuk Toko Buku Gramedia. Di bagian bawah pusat perbelanjaan ini terdapat berbagai macam restoran yang dapat dinikmati oleh para pengunjung., ,Jakarta Pusat,Pasar dan pusat perbelanjaan,Wisata belanja,Pariwisata
Jakarta,Plaza Indonesia, terletak di Jalan MH. Thamrin, Jakarta Pusat. Dengan luas sekitar 42.540 m2, mall ini pernah menjadi tempat pertama berdirinya Sogo Department Store Indonesia, namun telah ditutup sejak tahun 2009. Di mall ini terdapat Debenhams Department Store, Louis Vuitton, dan The Food Hall. Mal ini dulunya terintergrasi dengan EX Plaza (sekarang tutup), Grand Hyatt Hotel Jakarta, The Plaza Office Tower, The Keraton Hyatt Residence, dan Kedutaan Besar Jepang., ,Jakarta Pusat,Pasar dan pusat perbelanjaan,Wisata belanja,Pariwisata
Jakarta,Plaza Senayan, merupakan mal besar di Jakarta yang terletak di Jalan Asia Afrika, Jakarta Selatan. Mall ini memiliki luas 130.500 m2. Di mall ini terdapat sejumlah department store kelas menengah ke atas seperti Sogo Department Store dan Metro Department Store. Di mall ini juga terdapat toko buku yang terkenal di dunia, yakni Kinokuniya. Di bagian atrium mall ini terdapat sebuah jam raksasa buatan Seiko, Jepang. Jam ini terdiri dari 6 patung pemusik, setiap patung memainkan alat musik yang berbeda, yang dimainkan setiap satu jam sekali., ,Jakarta Pusat,Pasar dan pusat perbelanjaan,Wisata belanja,Pariwisata
Jakarta,Senayan City, terletak di Jalan Asia Afrika, Jakarta Selatan. Mall ini terletak berseberangan dengan Plaza Senayan dan berdekatan dengan Gelora Bung Karno. Mall ini memiliki luas 68.000 m2. Di atas mall ini terdapat menara kantor stasiun televisi SCTV., ,Jakarta Pusat,Pasar dan pusat perbelanjaan,Wisata belanja,Pariwisata
Jakarta,Jakarta Convention Center, terletak di kompleks olahraga Bung Karno, Gelora, Tanah Abang, Jakarta Pusat. Jakarta Convention Center memiliki balai yang memiliki 5.000 tempat duduk, dan juga balai sidang seluas 3.921 m². JCC memiliki 13 ruangan pertemuan dengan berbagai ukuran. JCC terhubung dengan The Sultan Hotel and Residence melalui terowongan bawah tanah., ,Jakarta Pusat,Pasar dan pusat perbelanjaan,Wisata belanja,Pariwisata
Jakarta,Central Park Mall, terletak di Jalan S. Parman, Jakarta Barat. Mall ini memiliki luas 167.000 m2. Desain mal ini meniru gaya unsur alam. Di mall ini terdapat sebuah food court, Sogo Department Store, Carrefour, dan CGV blitz. Mall ini terletak di kawasan Podomoro City yang dikembangkan oleh Agung Podomoro., ,Jakarta Barat,Pasar dan pusat perbelanjaan,Wisata belanja,Pariwisata
Jakarta,Mal Taman Anggrek, terletak di Jalan S. Parman, Jakarta Barat. Dengan luas sekitar 130.000 m2, pusat perbelanjaan ini menyediakan lapangan ski indoor yang terbesar di Asia Tenggara., ,Jakarta Barat,Pasar dan pusat perbelanjaan,Wisata belanja,Pariwisata
Jakarta,Mall Ciputra Jakarta, berada di lokasi yang sangat strategis, yakni berada di depan jalan tol dan diapit oleh 2 universitas tekenal. Mall ini terletak di Jalan S. Parman, Jakarta Barat. Mall ini memiliki luas 80.000 m2. Diatas mall ini terdapat Hotel Ciputra Jakarta. Di mall ini terdapat Matahari Department Store dan Hero Supermarket., ,Jakarta Barat,Pasar dan pusat perbelanjaan,Wisata belanja,Pariwisata
Jakarta,Mal Artha Gading, merupakan salah satu mal yang paling unik di Jakarta. Konsep interior mall ini meniru gaya sejarah Jalur Sutera. Mall ini memiliki 7 buah atrium, yakni atrium Nusantara, China, India, Persia, Italia, Paris, dan Millenium. Mal ini memiliki luas 270.000 m2. Di mall ini terdapat Ace Hardware & Index, Diamond Supermarket, Electronic City, IT Center, Amazone, Artha Gading XXI dan lain lain., ,Jakarta Utara,Pasar dan pusat perbelanjaan,Wisata belanja,Pariwisata
Jakarta,Mal Kelapa Gading, terletak di Jalan Kelapa Gading Boulevard, Jakarta Utara. Dengan luas mencapai 147.000 m2, mal ini memiliki food court dan pusat mode terlengkap di Jakarta., ,Jakarta Utara,Pasar dan pusat perbelanjaan,Wisata belanja,Pariwisata
Jakarta,Emporium Pluit Mall, terletak di Jalan Pluit Selatan Raya, Jakarta Utara. Dengan luas 61.243 m2, mall ini memiliki Sogo Department Store, Carrefour, dan anchor tenant lainnya., ,Jakarta Utara,Pasar dan pusat perbelanjaan,Wisata belanja,Pariwisata
Jakarta,Mall of Indonesia, terletak di Jalan Boulevard Barat No.1, Kelapa Gading, Jakarta Utara. , mall ini memiliki Gramedia, Carrefour, dan anchor tenant lainnya., ,Jakarta Utara,Pasar dan pusat perbelanjaan,Wisata belanja,Pariwisata
Jakarta,Pondok Indah Mall, terletak di Jalan Arteri Pondok Indah, Jakarta Selatan. Mall ini terdiri dari 2 bangunan utama yakni Pondok Indah Mall I dan II. Pondok Indah Mall II adalah mall terlengkap untuk memenuhi kebutuhan warga Jakarta Selatan. Di mall II ini terdapat Sogo Department Store, Metro Department Store, dan banyak tenant besar lainnya., ,Jakarta Selatan,Pasar dan pusat perbelanjaan,Wisata belanja,Pariwisata
Jakarta,Pacific Place Jakarta, terletak di kawasan SCBD. Di atas mall ini terdapat Ritz Carlton Hotel Pacific Place dan dua menara Ritz Carlton Residence. Di mall ini terdapat Metro, Kidzania, CGV blitz, Kem Chicks, dan tenant lainnya., ,Jakarta Selatan,Pasar dan pusat perbelanjaan,Wisata belanja,Pariwisata
Jakarta,Cilandak Town Square, terletak di Jalan TB. Simatupang, Jakarta Selatan. Mall ini terkenal sebagai pusat hiburan di Jakarta Selatan. Di mal ini terdapat banyak restoran, lounge, dan cafe., ,Jakarta Selatan,Pasar dan pusat perbelanjaan,Wisata belanja,Pariwisata
Jakarta,Cibubur Junction, terletak di Ciracas, Jakarta Timur. Mall ini memiliki luas 31.987 m2. Di mall ini terdapat Hypermart, Matahari Department Store, Cinema 21, Karisma Book Store, dan Timezone., ,Jakarta Timur,Pasar dan pusat perbelanjaan,Wisata belanja,Pariwisata
Jakarta,BiG TV, , ,Berlangganan,Stasiun televisi,Media
Jakarta,First Media, , ,Berlangganan,Stasiun televisi,Media
Jakarta,Groovia TV/UseeTV, , ,Berlangganan,Stasiun televisi,Media
Jakarta,Innovate, , ,Berlangganan,Stasiun televisi,Media
Jakarta,MNC Sky Vision (Indovision, Top TV dan OkeVision), , ,Berlangganan,Stasiun televisi,Media
Jakarta,K-Vision, , ,Berlangganan,Stasiun televisi,Media
Jakarta,Max3, , ,Berlangganan,Stasiun televisi,Media
Jakarta,Nexmedia, , ,Berlangganan,Stasiun televisi,Media
Jakarta,OrangeTV, , ,Berlangganan,Stasiun televisi,Media
Jakarta,Skynindo, , ,Berlangganan,Stasiun televisi,Media
Jakarta,TransVision, , ,Berlangganan,Stasiun televisi,Media
Jakarta,Topas TV, , ,Berlangganan,Stasiun televisi,Media
Jakarta,viva+, , ,Berlangganan,Stasiun televisi,Media
Jakarta, Jepang Tokyo[64], , , , ,Kota kembar
Jakarta, Republik Rakyat Tiongkok Beijing[65][66], , , , ,Kota kembar
Jakarta, Republik Rakyat Tiongkok Shanghai[67], , , , ,Kota kembar
Jakarta, Seoul, Korea Selatan[68][66][69][70], , , , ,Kota kembar
Jakarta, Republik Demokratik Rakyat Korea Pyongyang[71], , , , ,Kota kembar
Jakarta, Thailand Bangkok[71], , , , ,Kota kembar
Jakarta, Vietnam Hanoi[71], , , , ,Kota kembar
Jakarta, Pakistan Islamabad[71][67], , , , ,Kota kembar
Jakarta, Arab Saudi Jeddah[71][67], , , , ,Kota kembar
Jakarta, Brunei Bandar Seri Begawan, , , , ,Kota kembar
Jakarta, Belanda Rotterdam[72][71], , , , ,Kota kembar
Jakarta, Jerman Berlin[73][74], , , , ,Kota kembar
Jakarta, Perancis Paris[71][67], , , , ,Kota kembar
Jakarta, Rusia Moscow[67], , , , ,Kota kembar
Jakarta, Hongaria Budapest[75][67], , , , ,Kota kembar
Jakarta, Yunani Athens[71], , , , ,Kota kembar
Jakarta, Turki Istanbul[71], , , , ,Kota kembar
Jakarta, Mesir Kairo[76][71][67], , , , ,Kota kembar
Jakarta, Maroko Casablanca[77][78][67], , , , ,Kota kembar
Jakarta, Amerika Serikat Los Angeles[79][80], , , , ,Kota kembar
Jakarta, Australia Sydney[67], , , , ,Kota kembar
Jakarta,Asinan Betawi, , , ,Makanan,Masakan
Jakarta,Soto Betawi, , , ,Makanan,Masakan
Jakarta,Gabus pucung, , , ,Makanan,Masakan
Jakarta,Sayur babanci, , , ,Makanan,Masakan
Jakarta,Sayur godog, , , ,Makanan,Masakan
Jakarta,Sayur besan (Telubuk sayur pemersatu), , , ,Makanan,Masakan
Jakarta,Ayam sampyok, , , ,Makanan,Masakan
Jakarta,Sambelan lengkio, , , ,Makanan,Masakan
Jakarta,Soto tangkar, , , ,Makanan,Masakan
Jakarta,Soto mie, , , ,Makanan,Masakan
Jakarta,Pecak tembang, , , ,Makanan,Masakan
Jakarta,Bandeng pesmol, , , ,Makanan,Masakan
Jakarta,Nasi kebuli, , , ,Makanan,Masakan
Jakarta,Nasi uduk, , , ,Makanan,Masakan
Jakarta,Nasi ulam, , , ,Makanan,Masakan
Jakarta,Es selendang mayang, , , ,Minuman,Masakan
Jakarta,Es goyang, , , ,Minuman,Masakan
Jakarta,Kue cucur, , , ,Kue/Makanan Ringan,Masakan
Jakarta,Kue rangi, , , ,Kue/Makanan Ringan,Masakan
Jakarta,Kue talam, , , ,Kue/Makanan Ringan,Masakan
Jakarta,Kue kelen, , , ,Kue/Makanan Ringan,Masakan
Jakarta,Sengkulun, , , ,Kue/Makanan Ringan,Masakan
Jakarta,Putu mayang, , , ,Kue/Makanan Ringan,Masakan
Jakarta,Andepite, , , ,Kue/Makanan Ringan,Masakan
Jakarta,Sagon, , , ,Kue/Makanan Ringan,Masakan
Jakarta,Kue ape, , , ,Kue/Makanan Ringan,Masakan
Jakarta,Kue cente manis, , , ,Kue/Makanan Ringan,Masakan
Jakarta,Kue pepe, , , ,Kue/Makanan Ringan,Masakan
Jakarta,Kue dongkal, , , ,Kue/Makanan Ringan,Masakan
Jakarta,Rujak penganten, , , ,Kue/Makanan Ringan,Masakan
Jakarta,Kerak telor, , , ,Oleh-Oleh,Masakan
Jakarta,Kue geplak, , , ,Oleh-Oleh,Masakan
Jakarta,Roti buaya[81], , , ,Oleh-Oleh,Masakan
Jakarta,Kue kembang goyang, , , ,Oleh-Oleh,Masakan
Jakarta,Dodol betawi, , , ,Oleh-Oleh,Masakan
Jakarta,Bir pletok, , , ,Oleh-Oleh,Masakan
Jawa Barat,K. Ikranegara (1980). Melayu Betawi Grammar. Linguistic Studies in Indonesian and Languages in Indonesia 9. Jakarta: NUSA., , , ,Pendidikan bahasa Melayu dialek Betawi,Pendidikan dan Kebudayaan
Jawa Barat,S. Wallace (1976). Linguistic and Social Dimensions of Phonological Variation in Jakarta Malay. PhD. Dissertation, Cornell University., , , ,Pendidikan bahasa Melayu dialek Betawi,Pendidikan dan Kebudayaan
Jawa Barat,Klarijn Loven (2009). Watching Si Doel: Television, Language and Cultural Identity in Contemporary Indonesia, 477 halaman, ISBN 90-6718-279-6. Penerbit: The KITLV/Royal Netherlands Institute of Southeast Asian and Caribbean Studies at Leiden., , , ,Pendidikan bahasa Melayu dialek Betawi,Pendidikan dan Kebudayaan
Jawa Barat,Lilie M. Roosman (April 2006). Lilie Roosman: Phonetic experiments on the word and sentence prosody of Betawi Malay and Toba Batak, Penerbit: Universiteit Leiden., , , ,Pendidikan bahasa Melayu dialek Betawi,Pendidikan dan Kebudayaan
Jawa Barat,Institut Agama Islam Negeri (IAIN) Syekh Nurjati, Cirebon, , , ,Perguruan tinggi negeri,Pendidikan dan Kebudayaan
Jawa Barat,Institut Pemerintahan Dalam Negeri (IPDN), Sumedang, , , ,Perguruan tinggi negeri,Pendidikan dan Kebudayaan
Jawa Barat,Institut Pertanian Bogor (IPB), Bogor, , , ,Perguruan tinggi negeri,Pendidikan dan Kebudayaan
Jawa Barat,Institut Teknologi Bandung (ITB), Bandung, , , ,Perguruan tinggi negeri,Pendidikan dan Kebudayaan
Jawa Barat,Politeknik Kesehatan Kemenkes Bandung (Poltekkes),Bandung, , , ,Perguruan tinggi negeri,Pendidikan dan Kebudayaan
Jawa Barat,Politeknik Manufaktur Bandung (POLMAN), d/h Politeknik Mekanik Swis-ITB Bandung, Bandung, , , ,Perguruan tinggi negeri,Pendidikan dan Kebudayaan
Jawa Barat,Politeknik Negeri Bandung (POLBAN), d/h Politeknik ITB Bandung, Bandung, , , ,Perguruan tinggi negeri,Pendidikan dan Kebudayaan
Jawa Barat,Politeknik Negeri Sukabumi (Polsu), Sukabumi, , , ,Perguruan tinggi negeri,Pendidikan dan Kebudayaan
Jawa Barat,Sekolah Tinggi Kesejahteraan Sosial (STKS Bandung), Bandung, , , ,Perguruan tinggi negeri,Pendidikan dan Kebudayaan
Jawa Barat,Sekolah Tinggi Pariwisata Bandung (STPB), d/h National Hotel Institute (NHI), Bandung, , , ,Perguruan tinggi negeri,Pendidikan dan Kebudayaan
Jawa Barat,Sekolah Tinggi Seni Indonesia Bandung (STSI Bandung), d/h ASTI Bandung, Bandung, , , ,Perguruan tinggi negeri,Pendidikan dan Kebudayaan
Jawa Barat,Sekolah Tinggi Teknologi Tekstil (STTT), d/h Institut Teknologi Tekstil (ITT), Bandung, , , ,Perguruan tinggi negeri,Pendidikan dan Kebudayaan
Jawa Barat,Sekolah Tinggi Transportasi Darat (STTD), Bekasi, , , ,Perguruan tinggi negeri,Pendidikan dan Kebudayaan
Jawa Barat,Universitas Indonesia (UI), Kota Depok, , , ,Perguruan tinggi negeri,Pendidikan dan Kebudayaan
Jawa Barat,Universitas Islam Negeri Sunan Gunung Djati (UIN Bandung), Bandung, , , ,Perguruan tinggi negeri,Pendidikan dan Kebudayaan
Jawa Barat,Universitas Padjadjaran (Unpad), dengan lokasi kampus di,Bandung dan Sumedang, , , ,Perguruan tinggi negeri,Pendidikan dan Kebudayaan
Jawa Barat,Universitas Pendidikan Indonesia (UPI), d/h IKIP Bandung, dengan lokasi kampus pusat di Bandung, dan kampus daerah di Kabupaten Bandung, Purwakarta, Sumedang, dan Tasikmalaya, , , ,Perguruan tinggi negeri,Pendidikan dan Kebudayaan
Jawa Barat,Universitas Siliwangi (UNSIL), Tasikmalaya, , , ,Perguruan tinggi negeri,Pendidikan dan Kebudayaan
Jawa Barat,Universitas Singaperbangsa Karawang (UNSIKA), Karawang, , , ,Perguruan tinggi negeri,Pendidikan dan Kebudayaan
Jawa Barat,Institut Teknologi Nasional (Itenas), di Bandung, , , ,Perguruan tinggi swasta,Pendidikan dan Kebudayaan
Jawa Barat,Institut Agama Islam Cipasung (IAIC), di Tasikmalaya, , , ,Perguruan tinggi swasta,Pendidikan dan Kebudayaan
Jawa Barat,Institut Agama Islam Darussalam Ciamis (IAID) Ciamis, , , ,Perguruan tinggi swasta,Pendidikan dan Kebudayaan
Jawa Barat,Institut Teknologi Telkom (IT Telkom), di Bandung, , , ,Perguruan tinggi swasta,Pendidikan dan Kebudayaan
Jawa Barat,Institut Teknologi Harapan Bangsa (ITHB), di Bandung, , , ,Perguruan tinggi swasta,Pendidikan dan Kebudayaan
Jawa Barat,Universitas Telkom, di Bandung, , , ,Perguruan tinggi swasta,Pendidikan dan Kebudayaan
Jawa Barat,Universitas Katolik Parahyangan (Unpar),di Bandung, , , ,Perguruan tinggi swasta,Pendidikan dan Kebudayaan
Jawa Barat,Universitas Langlangbuana (Unla), di Bandung, , , ,Perguruan tinggi swasta,Pendidikan dan Kebudayaan
Jawa Barat,Universitas Kristen Maranatha, di Bandung, , , ,Perguruan tinggi swasta,Pendidikan dan Kebudayaan
Jawa Barat,Universitas Islam Bandung (Unisba), di Bandung, , , ,Perguruan tinggi swasta,Pendidikan dan Kebudayaan
Jawa Barat,Universitas Pasundan (Unpas), di Bandung, , , ,Perguruan tinggi swasta,Pendidikan dan Kebudayaan
Jawa Barat,Universitas Widyatama (Utama), di Bandung, , , ,Perguruan tinggi swasta,Pendidikan dan Kebudayaan
Jawa Barat,Universitas Garut (Uniga), di Garut, , , ,Perguruan tinggi swasta,Pendidikan dan Kebudayaan
Jawa Barat,Universitas Islam Nusantara (Uninus), di Bandung, , , ,Perguruan tinggi swasta,Pendidikan dan Kebudayaan
Jawa Barat,Universitas Swadaya Gunung Jati (Unswagati), di Cirebon, , , ,Perguruan tinggi swasta,Pendidikan dan Kebudayaan
Jawa Barat,Universitas Perjuangan (Unper), di Tasikmalaya, , , ,Perguruan tinggi swasta,Pendidikan dan Kebudayaan
Jawa Barat,Universitas Galuh (Unigal), di Ciamis, , , ,Perguruan tinggi swasta,Pendidikan dan Kebudayaan
Jawa Barat,Universitas Ibn Khaldun Bogor (UIKA), di Bogor, , , ,Perguruan tinggi swasta,Pendidikan dan Kebudayaan
Jawa Barat,Universitas Pakuan (Unpak), di Bogor, , , ,Perguruan tinggi swasta,Pendidikan dan Kebudayaan
Jawa Barat,Universitas Komputer Indonesia (Unikom), di Bandung, , , ,Perguruan tinggi swasta,Pendidikan dan Kebudayaan
Jawa Barat,Universitas Winaya Mukti (Unwim), di Jatinangor Sumedang, , , ,Perguruan tinggi swasta,Pendidikan dan Kebudayaan
Jawa Barat,Institut Koperasi Indonesia (Ikopin), di Jatinangor Sumedang, , , ,Perguruan tinggi swasta,Pendidikan dan Kebudayaan
Jawa Barat,Universitas Sebelas April (Unsap), di Sumedang, , , ,Perguruan tinggi swasta,Pendidikan dan Kebudayaan
Jawa Barat,Universitas Informatika dan Bisnis Indonesia (Unibi), di Bandung, , , ,Perguruan tinggi swasta,Pendidikan dan Kebudayaan
Jawa Barat,Universitas Majalengka (Unma), di Majalengka, , , ,Perguruan tinggi swasta,Pendidikan dan Kebudayaan
Jawa Barat,Universitas Kuningan (Uniku), di Kuningan, , , ,Perguruan tinggi swasta,Pendidikan dan Kebudayaan
Jawa Barat,Sekolah Tinggi Kesehatan Kuningan (STIKKU), di Kuningan, , , ,Perguruan tinggi swasta,Pendidikan dan Kebudayaan
Jawa Barat,Sekolah Tinggi Agama Islam (STAI Al-IHYA), di Kuningan, , , ,Perguruan tinggi swasta,Pendidikan dan Kebudayaan
Jawa Barat,Sekolah Tinggi Agama Islam AT-TAQWA (STAIA), di Bekasi, , , ,Perguruan tinggi swasta,Pendidikan dan Kebudayaan
Jawa Barat,Sekolah Tinggi Ilmu Ekonomi IPWIJA JAKARTA (STIE IPWIJA), di Nagrak, Gunung Puteri, Cileungsi-Bogor Timur/Kabupaten Bogor., , , ,Perguruan tinggi swasta,Pendidikan dan Kebudayaan
Jawa Barat,Sekolah Tinggi Hukum Bandung (STHB), di Bandung, , , ,Perguruan tinggi swasta,Pendidikan dan Kebudayaan
Jawa Barat,Universitas Bale Bandung (Unibba), di Bandung, , , ,Perguruan tinggi swasta,Pendidikan dan Kebudayaan
Jawa Barat,Sekolah Tinggi Ekonomi Islam Al-Ishlah (STEI Al-ISHLAH), di Cirebon, , , ,Perguruan tinggi swasta,Pendidikan dan Kebudayaan
Jawa Barat,[[Sekolref name="PR">Tinggi Teknologi Nusa Putra] (STT NUSA PUTRA), di Sukabumi, , , ,Perguruan tinggi swasta,Pendidikan dan Kebudayaan
Jawa Barat,Sekolah Tinggi Agama Islam (STAI Al-AMIN), di Sukabumi, , , ,Perguruan tinggi swasta,Pendidikan dan Kebudayaan
Jawa Barat,Sekolah Tinggi Manajemen Informatika Komputer Tasikmalaya (STMIK Tasikmalaya), di Kota Tasikmalaya, , , ,Perguruan tinggi swasta,Pendidikan dan Kebudayaan
Jawa Barat,Universitas Wiralodra (Unwir), di Indramayu, , , ,Perguruan tinggi swasta,Pendidikan dan Kebudayaan
Jawa Barat,Universitas Subang (Unsub), di Subang, , , ,Perguruan tinggi swasta,Pendidikan dan Kebudayaan
Jawa Barat,Universitas Gunadarma (UG), di Depok, , , ,Perguruan tinggi swasta,Pendidikan dan Kebudayaan
Jawa Barat,Universitas Muhammadiyah Sukabumi (UMMI), di Sukabumi, , , ,Perguruan tinggi swasta,Pendidikan dan Kebudayaan
Jawa Barat,Universitas Sukabumi (Unsu), di Sukabumi, , , ,Perguruan tinggi swasta,Pendidikan dan Kebudayaan
Jawa Barat,Universitas Singaperbangsa (Unsika), di Karawang, , , ,Perguruan tinggi swasta,Pendidikan dan Kebudayaan
Jawa Barat,Universitas Purwakarta (Unpur), di Purwakarta, , , ,Perguruan tinggi swasta,Pendidikan dan Kebudayaan
Jawa Barat,Universitas Sutan Mahesa (Unsuma), di Sukabumi Utara, , , ,Perguruan tinggi swasta,Pendidikan dan Kebudayaan
Jawa Barat,STIE DR.KHEZ Muttaqien (STIE Muttaqien), di Purwakarta, , , ,Perguruan tinggi swasta,Pendidikan dan Kebudayaan
Jawa Barat,Universitas Islam "45" (Unisma), di Bekasi, , , ,Perguruan tinggi swasta,Pendidikan dan Kebudayaan
Jawa Barat,Sekolah Tinggi Teknologi Wastukancana (STT Wastukancana), di Purwakarta, , , ,Perguruan tinggi swasta,Pendidikan dan Kebudayaan
Jawa Barat,Politeknik Pos Indonesia (Polposindo), di Bandung, , , ,Perguruan tinggi swasta,Pendidikan dan Kebudayaan
Jawa Barat,Universitas Muhammadiyah Bandung (Unimba), di Bandung, , , ,Perguruan tinggi swasta,Pendidikan dan Kebudayaan
Jawa Barat,Universitas Suryakancana (Unsur), di Cianjur, , , ,Perguruan tinggi swasta,Pendidikan dan Kebudayaan
Jawa Barat,Institut Studi Islam Fahmina (ISIF), di Cirebon, , , ,Perguruan tinggi swasta,Pendidikan dan Kebudayaan
Jawa Barat,Universitas Muhammadiyah Cirebon (UMC), di Cirebon, , , ,Perguruan tinggi swasta,Pendidikan dan Kebudayaan
Jawa Barat,Universitas 17 Agustus 1945 Cirebon (UNTAG) di Cirebon, , , ,Perguruan tinggi swasta,Pendidikan dan Kebudayaan
Jawa Barat,Universitas Perjuangan Tasikmalaya (UNPERTAS) di Tasikmalaya, , , ,Perguruan tinggi swasta,Pendidikan dan Kebudayaan
Jawa Barat,Universitas Muhammadiyah Tasikmalaya (UMTAS) di Tasikmalaya, , , ,Perguruan tinggi swasta,Pendidikan dan Kebudayaan
Jawa Barat,Sekolah Tinggi Ilmu Kesehatan (STIKES) Prima Indonesia di Babelan, Kabupaten Bekasi, , , ,Perguruan tinggi swasta,Pendidikan dan Kebudayaan
Jawa Barat,Kota Bekasi, dimekarkan dari Kabupaten Bekasi pada tahun 1